Timestamp,MachineId,MachineTemperature,AmbientTemperature,ConveyorBeltSpeed,GearTension,WorkerDetected
0,XY1,152,19,75,94,0
0,XY1,160,25,55,111,0
0,XY1,165,30,43,123,0
0,XY1,172,34,29,133,0
0,XY1,179,38,17,144,0
0,XY1,6,43,10,155,0
0,XY1,12,49,3,165,2
0,XY1,20,54,2,171,2
0,XY1,26,58,2,176,2
0,XY1,32,66,5,179,2
0,XY1,38,71,10,180,2
0,XY1,44,76,19,180,2
0,XY1,50,83,31,179,2
0,XY1,56,87,41,174,2
0,XY1,63,3,52,169,2
0,XY1,68,8,66,161,2
0,XY1,74,12,78,152,2
0,XY1,80,16,87,143,2
0,XY1,91,20,95,133,2
0,XY1,96,25,104,122,2
0,XY1,107,29,111,108,0
0,XY1,113,34,116,95,0
0,XY1,119,42,120,80,0
0,XY1,124,46,120,65,0
0,XY1,130,51,119,49,0
0,XY1,136,59,114,40,0
0,XY1,140,64,107,27,0
0,XY1,145,68,98,17,0
0,XY1,151,72,89,10,0
0,XY1,156,78,75,6,0
0,XY1,161,82,64,2,0
0,XY1,167,85,52,2,0
0,XY1,176,89,43,3,0
0,XY1,2,3,35,6,0
0,XY1,8,7,26,13,2
0,XY1,12,13,19,20,2
0,XY1,17,18,13,30,2
0,XY1,21,22,8,39,2
0,XY1,25,27,5,50,2
0,XY1,30,31,3,63,2
0,XY1,35,35,2,74,2
0,XY1,41,39,2,90,2
0,XY1,45,44,4,103,2
0,XY1,49,47,8,114,2
0,XY1,55,51,12,128,2
0,XY1,61,55,17,140,2
0,XY1,70,61,26,155,2
0,XY1,77,65,34,162,2
0,XY1,82,70,42,169,2
0,XY1,88,77,50,174,0
0,XY1,93,81,58,179,0
0,XY1,98,86,67,180,0
0,XY1,104,90,78,180,0
0,XY1,110,6,85,177,0
0,XY1,117,11,93,173,0
0,XY1,122,19,100,161,0
0,XY1,128,23,107,148,0
0,XY1,133,29,112,133,0
0,XY1,140,33,116,117,0
0,XY1,146,37,119,100,0
0,XY1,150,43,120,88,0
0,XY1,154,48,120,71,0
0,XY1,159,52,118,60,0
0,XY1,167,57,114,49,2
0,XY1,173,61,107,27,2
0,XY1,179,65,99,15,2
0,XY1,7,70,89,3,2
0,XY1,15,74,77,1,2
0,XY1,21,78,65,3,2
0,XY1,26,83,52,7,2
0,XY1,32,87,39,15,2
0,XY1,38,6,28,23,2
0,XY1,43,10,19,36,2
0,XY1,49,14,11,51,2
0,XY1,54,19,6,67,2
0,XY1,62,24,2,85,2
0,XY1,68,29,2,102,2
0,XY1,75,33,3,125,2
0,XY1,82,37,7,140,2
0,XY1,87,42,12,154,0
0,XY1,92,46,20,165,0
0,XY1,98,49,31,173,0
0,XY1,103,54,41,179,0
0,XY1,109,59,53,180,0
0,XY1,115,66,66,179,0
0,XY1,120,71,74,174,0
0,XY1,126,76,83,166,0
0,XY1,132,80,89,155,0
0,XY1,139,84,98,142,0
0,XY1,145,89,105,127,0
0,XY1,150,4,110,110,0
0,XY1,156,9,114,92,0
0,XY1,161,13,118,76,0
0,XY1,165,17,120,58,0
0,XY1,169,21,120,46,0
0,XY1,178,25,120,35,0
0,XY1,5,30,117,25,2
0,XY1,10,34,113,17,2
0,XY1,16,38,108,9,2
0,XY1,22,42,98,3,2
0,XY1,28,46,88,2,2
0,XY1,34,50,78,3,2
0,XY1,39,54,67,6,2
0,XY1,45,59,55,11,2
0,XY1,50,63,44,17,2
0,XY1,55,67,32,25,2
0,XY1,59,71,22,47,2
0,XY1,64,78,14,65,2
0,XY1,68,82,8,81,2
0,XY1,76,90,4,93,2
0,XY1,82,8,2,108,2
0,XY1,88,12,2,123,0
0,XY1,93,16,5,134,0
0,XY1,98,24,10,152,0
0,XY1,104,30,16,165,0
0,XY1,110,36,22,174,0
0,XY1,115,41,29,179,0
0,XY1,119,46,46,180,0
0,XY1,123,49,60,178,0
0,XY1,128,54,72,171,0
0,XY1,132,59,87,160,0
0,XY1,138,67,96,144,0
0,XY1,146,75,102,132,0
0,XY1,154,79,108,118,0
0,XY1,159,84,113,102,0
0,XY1,163,3,117,91,0
0,XY1,168,7,120,76,0
0,XY1,172,11,120,64,0
0,XY1,176,16,117,52,2
0,XY1,3,20,112,39,2
0,XY1,10,24,106,29,2
0,XY1,17,28,99,20,2
0,XY1,23,33,90,11,2
0,XY1,30,37,80,5,2
0,XY1,36,41,72,2,2
0,XY1,45,47,64,2,2
0,XY1,52,54,55,3,2
0,XY1,57,58,47,6,2
0,XY1,62,62,37,19,2
0,XY1,65,67,30,33,2
0,XY1,70,71,23,48,2
0,XY1,73,75,15,64,0
0,XY1,79,80,8,84,0
0,XY1,84,84,4,101,0
0,XY1,90,88,2,123,0
0,XY1,95,4,2,138,0
0,XY1,101,9,3,157,0
0,XY1,106,13,6,168,0
0,XY1,112,17,10,177,0
0,XY1,118,25,17,180,0
0,XY1,124,30,23,180,0
0,XY1,131,35,31,173,0
0,XY1,137,39,38,163,0
0,XY1,145,44,46,144,0
0,XY1,152,49,54,126,0
0,XY1,162,56,61,108,0
0,XY1,168,60,73,92,2
0,XY1,175,64,84,71,2
0,XY1,6,68,91,54,2
0,XY1,9,72,98,36,2
0,XY1,13,79,106,18,2
0,XY1,17,83,113,8,2
0,XY1,22,89,117,4,2
0,XY1,29,3,120,2,2
0,XY1,35,8,120,2,2
0,XY1,41,13,120,5,2
0,XY1,48,19,117,17,2
0,XY1,53,27,114,28,2
0,XY1,59,31,109,44,2
0,XY1,64,39,103,59,2
0,XY1,75,44,96,77,0
0,XY1,81,49,89,94,0
0,XY1,87,53,81,111,0
0,XY1,91,59,72,129,0
0,XY1,97,63,64,143,0
0,XY1,103,67,56,160,0
0,XY1,109,73,47,170,0
0,XY1,115,78,39,176,0
0,XY1,125,85,30,180,0
0,XY1,132,90,24,180,0
0,XY1,137,6,18,177,0
0,XY1,146,11,13,170,0
0,XY1,152,15,8,160,0
0,XY1,159,19,3,148,0
0,XY1,165,23,2,134,0
0,XY1,172,27,2,117,0
0,XY1,178,32,3,100,2
0,XY1,4,37,6,82,2
0,XY1,10,41,11,66,2
0,XY1,16,45,17,49,2
0,XY1,19,48,23,35,2
0,XY1,23,52,31,21,2
0,XY1,30,57,42,12,2
0,XY1,36,61,50,5,2
0,XY1,41,66,59,2,2
0,XY1,47,72,67,2,2
0,XY1,53,76,75,4,2
0,XY1,59,80,84,7,2
0,XY1,64,84,94,12,2
0,XY1,71,88,102,26,2
0,XY1,76,4,107,50,2
0,XY1,82,8,112,67,2
0,XY1,92,12,116,84,0
0,XY1,98,16,119,102,0
0,XY1,104,20,120,127,0
0,XY1,110,25,120,155,0
0,XY1,115,29,119,169,0
0,XY1,121,34,117,176,0
0,XY1,127,39,113,180,0
0,XY1,132,43,109,178,0
0,XY1,139,48,102,172,0
0,XY1,145,55,95,163,0
0,XY1,150,60,79,150,0
0,XY1,156,64,67,136,0
0,XY1,161,68,56,112,0
0,XY1,167,74,45,95,0
0,XY1,174,79,34,78,2
0,XY1,1,83,24,62,2
0,XY1,7,87,16,45,2
0,XY1,13,2,9,29,2
0,XY1,18,8,4,16,2
0,XY1,24,14,2,8,2
0,XY1,28,22,2,3,2
0,XY1,32,26,4,2,2
0,XY1,39,31,7,3,2
0,XY1,48,36,11,8,2
0,XY1,53,41,16,15,2
0,XY1,59,46,23,22,2
0,XY1,64,49,29,30,2
0,XY1,73,53,39,47,2
0,XY1,80,58,49,64,2
0,XY1,85,62,58,92,0
0,XY1,91,66,65,110,0
0,XY1,96,71,79,127,0
0,XY1,101,75,90,142,0
0,XY1,107,79,99,155,0
0,XY1,112,84,108,167,0
0,XY1,120,88,118,175,0
0,XY1,125,4,120,180,0
0,XY1,137,9,120,180,0
0,XY1,143,13,116,177,0
0,XY1,149,17,111,171,0
0,XY1,155,21,102,161,0
0,XY1,161,26,96,149,2
0,XY1,168,30,89,135,2
0,XY1,174,37,83,114,2
0,XY1,179,40,64,89,2
0,XY1,6,43,50,66,2
0,XY1,12,46,39,44,2
0,XY1,17,48,20,27,2
0,XY1,23,51,12,16,2
0,XY1,30,58,7,8,2
0,XY1,36,64,3,3,2
0,XY1,40,69,2,2,2
0,XY1,44,74,2,4,2
0,XY1,50,78,6,8,2
0,XY1,58,83,11,14,2
0,XY1,65,88,19,21,2
0,XY1,71,4,27,29,0
0,XY1,77,10,38,38,0
0,XY1,83,14,52,53,0
0,XY1,88,18,65,72,0
0,XY1,93,22,77,90,0
0,XY1,99,28,91,106,0
0,XY1,106,32,100,127,0
0,XY1,112,36,109,142,0
0,XY1,123,41,116,155,0
0,XY1,130,46,119,168,0
0,XY1,137,49,120,176,0
0,XY1,144,53,117,180,0
0,XY1,151,57,108,180,0
0,XY1,157,60,99,177,2
0,XY1,163,64,88,169,2
0,XY1,168,67,78,159,2
0,XY1,175,70,71,138,2
0,XY1,2,74,61,120,2
0,XY1,9,77,42,103,2
0,XY1,14,80,31,87,2
0,XY1,20,84,20,69,2
0,XY1,26,88,12,52,2
0,XY1,31,2,6,37,2
0,XY1,37,6,3,24,2
0,XY1,43,10,1,13,2
0,XY1,46,13,3,6,2
0,XY1,51,16,8,2,2
0,XY1,59,20,13,2,2
0,XY1,64,24,24,3,2
0,XY1,70,29,34,6,0
0,XY1,76,34,44,12,0
0,XY1,81,38,59,21,0
0,XY1,90,42,73,38,0
0,XY1,95,46,85,48,0
0,XY1,101,47,104,58,0
0,XY1,106,51,111,75,0
0,XY1,112,54,118,92,0
0,XY1,118,57,120,108,0
0,XY1,124,61,120,126,0
0,XY1,130,64,116,143,0
0,XY1,136,67,111,157,0
0,XY1,145,70,104,167,0
0,XY1,151,74,95,176,0
0,XY1,157,77,82,180,2
0,XY1,164,80,70,177,2
0,XY1,170,83,59,165,2
0,XY1,175,87,47,153,2
0,XY1,2,90,29,124,2
0,XY1,9,4,20,107,2
0,XY1,15,8,12,90,2
0,XY1,21,11,3,70,2
0,XY1,26,14,2,54,2
0,XY1,32,17,5,39,2
0,XY1,42,20,11,24,2
0,XY1,48,23,19,14,2
0,XY1,53,27,28,7,2
0,XY1,58,30,44,2,2
0,XY1,64,33,57,2,2
0,XY1,68,36,70,3,0
0,XY1,77,39,89,8,0
0,XY1,83,43,99,22,0
0,XY1,89,46,109,35,0
0,XY1,93,48,116,52,0
0,XY1,99,51,120,68,0
0,XY1,106,54,120,80,0
0,XY1,113,58,118,96,0
0,XY1,119,61,114,112,0
0,XY1,130,64,109,125,0
0,XY1,135,67,102,141,0
0,XY1,142,71,96,155,0
0,XY1,148,74,87,165,0
0,XY1,154,77,78,178,0
0,XY1,159,80,69,180,0
0,XY1,170,83,57,178,2
0,XY1,176,87,47,172,2
0,XY1,4,90,37,163,2
0,XY1,9,5,29,148,2
0,XY1,15,8,23,134,2
0,XY1,21,11,17,116,2
0,XY1,26,14,11,94,2
0,XY1,32,18,7,68,2
0,XY1,38,21,3,51,2
0,XY1,45,24,2,37,2
0,XY1,50,28,4,24,2
0,XY1,56,30,8,13,2
0,XY1,62,34,16,5,2
0,XY1,67,37,25,2,2
0,XY1,74,40,35,2,2
0,XY1,80,44,46,4,0
0,XY1,90,46,64,10,0
0,XY1,101,49,77,32,0
0,XY1,106,54,87,48,0
0,XY1,117,57,99,65,0
0,XY1,123,60,108,82,0
0,XY1,129,63,116,98,0
0,XY1,134,66,119,111,0
0,XY1,140,70,120,126,0
0,XY1,145,73,120,144,0
0,XY1,151,77,119,159,0
0,XY1,157,80,117,169,0
0,XY1,164,83,113,177,0
0,XY1,169,87,107,180,0
0,XY1,175,89,102,180,0
0,XY1,180,4,80,176,2
0,XY1,7,8,69,169,2
0,XY1,13,11,56,156,2
0,XY1,18,14,44,142,2
0,XY1,25,17,33,128,2
0,XY1,31,21,22,111,2
0,XY1,36,24,14,89,2
0,XY1,42,27,8,72,2
0,XY1,48,32,4,55,2
0,XY1,53,36,2,40,2
0,XY1,59,39,3,27,2
0,XY1,66,42,6,16,2
0,XY1,72,46,11,8,2
0,XY1,78,48,16,3,2
0,XY1,82,52,24,2,0
0,XY1,88,55,35,3,0
0,XY1,91,58,42,6,0
0,XY1,101,61,51,11,0
0,XY1,107,64,61,21,0
0,XY1,112,67,71,33,0
0,XY1,118,70,81,48,0
0,XY1,124,73,89,64,0
0,XY1,135,77,96,84,0
0,XY1,142,82,103,103,0
0,XY1,148,86,109,124,0
0,XY1,153,90,114,139,0
0,XY1,159,7,118,149,0
0,XY1,165,12,120,161,0
0,XY1,170,18,118,168,2
0,XY1,176,23,114,174,2
0,XY1,4,28,108,179,2
0,XY1,9,33,100,180,2
0,XY1,17,38,90,178,2
0,XY1,24,43,80,172,2
0,XY1,30,46,67,161,2
0,XY1,35,48,50,149,2
0,XY1,41,52,35,134,2
0,XY1,46,55,25,117,2
0,XY1,52,59,16,100,2
0,XY1,58,63,10,71,2
0,XY1,63,66,6,51,2
0,XY1,69,73,3,36,2
0,XY1,76,77,2,13,2
0,XY1,83,81,2,6,0
0,XY1,89,86,4,2,0
0,XY1,92,4,9,2,0
0,XY1,98,8,19,3,0
0,XY1,103,12,28,6,0
0,XY1,112,15,42,19,0
0,XY1,118,18,52,31,0
0,XY1,125,23,66,45,0
0,XY1,131,27,79,64,0
0,XY1,137,32,90,80,0
0,XY1,144,34,104,97,0
0,XY1,149,38,111,115,0
0,XY1,161,41,117,132,0
0,XY1,168,44,120,147,0
0,XY1,173,49,120,159,0
0,XY1,179,57,117,166,2
0,XY1,5,61,112,173,2
0,XY1,12,66,105,177,2
0,XY1,23,71,99,180,2
0,XY1,30,75,91,180,2
0,XY1,36,79,83,176,2
0,XY1,47,83,74,169,2
0,XY1,53,88,65,159,2
0,XY1,58,3,55,144,2
0,XY1,64,7,47,129,2
0,XY1,70,12,39,112,2
0,XY1,79,17,31,94,2
0,XY1,86,22,24,77,2
0,XY1,91,26,17,60,2
0,XY1,97,30,13,44,0
0,XY1,101,34,8,30,0
0,XY1,106,39,5,16,0
0,XY1,110,44,2,8,0
0,XY1,118,48,2,3,0
0,XY1,124,52,2,2,0
0,XY1,129,57,4,3,0
0,XY1,135,60,9,8,0
0,XY1,142,64,14,21,0
0,XY1,148,67,21,32,0
0,XY1,154,70,27,47,0
0,XY1,160,75,35,64,0
0,XY1,165,80,42,80,0
0,XY1,171,84,52,97,0
0,XY1,177,88,62,115,0
0,XY1,3,3,73,134,1
0,XY1,10,6,81,149,2
0,XY1,16,9,90,163,2
0,XY1,22,13,98,172,2
0,XY1,29,17,105,178,2
0,XY1,34,21,111,180,2
0,XY1,40,26,114,180,2
0,XY1,47,30,117,179,2
0,XY1,53,34,120,176,2
0,XY1,58,39,121,166,2
0,XY1,66,44,120,155,2
0,XY1,71,47,117,134,2
0,XY1,77,52,112,115,2
0,XY1,82,56,107,96,2
0,XY1,90,61,99,79,2
0,XY1,96,66,90,51,0
0,XY1,102,70,81,35,0
0,XY1,108,76,74,20,0
0,XY1,112,80,64,9,0
0,XY1,117,88,55,3,0
0,XY1,121,8,45,2,0
0,XY1,126,11,35,3,0
0,XY1,132,15,28,5,0
0,XY1,137,18,21,17,0
0,XY1,143,21,15,28,0
0,XY1,149,26,11,41,0
0,XY1,155,31,6,59,0
0,XY1,163,35,3,76,0
0,XY1,169,40,2,93,0
0,XY1,175,44,2,111,0
0,XY1,2,47,4,127,2
0,XY1,8,51,7,142,2
0,XY1,13,54,12,156,2
0,XY1,19,57,17,169,2
0,XY1,25,60,24,176,2
0,XY1,31,64,30,180,2
0,XY1,36,69,38,180,2
0,XY1,42,74,45,177,2
0,XY1,48,78,55,172,2
0,XY1,53,82,62,164,2
0,XY1,59,86,74,146,2
0,XY1,64,90,83,132,2
0,XY1,71,6,91,115,2
0,XY1,76,10,97,98,2
0,XY1,82,15,103,81,0
0,XY1,88,20,108,64,0
0,XY1,92,25,113,45,0
0,XY1,99,29,119,32,0
0,XY1,105,34,120,19,0
0,XY1,111,38,120,10,0
0,XY1,116,43,117,4,0
0,XY1,120,47,112,2,0
0,XY1,124,51,105,2,0
0,XY1,129,55,95,4,0
0,XY1,136,58,85,8,0
0,XY1,143,61,74,13,0
0,XY1,149,64,62,24,0
0,XY1,154,67,52,37,0
0,XY1,160,73,40,52,1
0,XY1,165,77,30,68,2
0,XY1,171,82,20,86,2
0,XY1,177,86,13,105,2
0,XY1,3,90,7,122,2
0,XY1,9,5,3,141,2
0,XY1,15,10,2,155,2
0,XY1,21,13,2,166,2
0,XY1,26,18,5,174,2
0,XY1,32,21,10,179,2
0,XY1,39,24,17,180,2
0,XY1,44,28,29,178,2
0,XY1,52,33,39,171,2
0,XY1,57,37,50,166,2
0,XY1,63,42,61,158,0
0,XY1,70,46,73,150,0
0,XY1,75,49,87,137,0
0,XY1,81,54,97,120,0
0,XY1,91,62,107,101,0
0,XY1,98,67,114,80,0
0,XY1,105,72,118,63,0
0,XY1,110,76,120,47,0
0,XY1,116,82,120,32,0
0,XY1,121,86,117,18,0
0,XY1,127,3,112,9,0
0,XY1,133,7,103,3,0
0,XY1,143,11,93,1,0
0,XY1,148,14,82,3,0
0,XY1,154,18,70,5,0
0,XY1,160,23,59,11,0
0,XY1,168,27,47,17,2
0,XY1,174,32,35,29,2
0,XY1,180,36,24,45,2
0,XY1,8,41,15,62,2
0,XY1,14,46,9,78,2
0,XY1,19,50,4,95,2
0,XY1,25,56,2,112,2
0,XY1,31,62,2,132,2
0,XY1,37,66,5,146,2
0,XY1,43,69,11,160,2
0,XY1,49,74,19,169,2
0,XY1,56,78,29,178,2
0,XY1,62,83,40,181,2
0,XY1,67,87,52,179,2
0,XY1,74,2,63,174,2
0,XY1,80,6,76,163,0
0,XY1,85,11,87,147,0
0,XY1,91,16,99,136,0
0,XY1,95,21,107,124,0
0,XY1,101,27,114,112,0
0,XY1,107,31,118,100,0
0,XY1,114,36,120,81,0
0,XY1,119,41,120,65,0
0,XY1,125,45,116,48,0
0,XY1,130,48,111,32,0
0,XY1,136,53,103,20,0
0,XY1,143,57,95,7,0
0,XY1,147,61,85,2,0
0,XY1,153,66,73,1,0
0,XY1,157,70,58,2,0
0,XY1,167,74,46,5,2
0,XY1,172,79,35,19,2
0,XY1,178,84,23,31,2
0,XY1,5,88,15,44,2
0,XY1,10,4,8,65,2
0,XY1,17,8,4,81,2
0,XY1,23,13,2,101,2
0,XY1,28,17,2,118,2
0,XY1,34,21,5,137,2
0,XY1,40,26,11,151,2
0,XY1,45,29,18,163,2
0,XY1,51,33,27,173,2
0,XY1,58,36,40,179,2
0,XY1,64,39,52,179,2
0,XY1,70,44,63,175,2
0,XY1,76,47,76,158,2
0,XY1,82,52,88,145,0
0,XY1,88,56,98,128,0
0,XY1,95,61,107,108,0
0,XY1,102,65,114,93,0
0,XY1,108,71,118,82,0
0,XY1,115,76,120,57,0
0,XY1,122,80,120,42,0
0,XY1,128,84,117,28,0
0,XY1,134,88,112,16,0
0,XY1,141,4,103,8,0
0,XY1,146,8,93,3,0
0,XY1,152,11,83,2,0
0,XY1,157,15,70,3,0
0,XY1,163,18,58,7,0
0,XY1,172,27,47,12,1
0,XY1,178,31,34,21,2
0,XY1,6,35,23,37,2
0,XY1,12,40,15,51,2
0,XY1,17,44,8,68,2
0,XY1,23,47,4,86,2
0,XY1,28,52,2,102,2
0,XY1,34,60,2,119,2
0,XY1,40,64,5,138,2
0,XY1,45,69,10,151,2
0,XY1,52,73,19,163,2
0,XY1,62,77,29,172,2
0,XY1,68,81,40,178,2
0,XY1,73,85,51,180,2
0,XY1,79,89,64,179,2
0,XY1,86,5,75,173,0
0,XY1,91,9,86,164,0
0,XY1,96,14,98,152,0
0,XY1,101,18,107,139,0
0,XY1,109,23,114,123,0
0,XY1,114,27,118,105,0
0,XY1,120,31,120,89,0
0,XY1,127,36,120,77,0
0,XY1,133,40,117,65,0
0,XY1,139,45,112,50,0
0,XY1,147,48,103,40,0
0,XY1,157,52,93,24,0
0,XY1,164,56,82,13,0
0,XY1,168,59,71,6,0
0,XY1,172,63,58,2,0
0,XY1,177,70,46,2,2
0,XY1,5,74,34,3,2
0,XY1,10,78,24,8,2
0,XY1,16,83,15,13,2
0,XY1,23,87,8,24,2
0,XY1,29,2,4,39,2
0,XY1,35,7,2,54,2
0,XY1,40,11,2,74,2
0,XY1,46,16,5,93,2
0,XY1,52,20,10,113,2
0,XY1,59,24,19,132,2
0,XY1,65,28,29,147,2
0,XY1,71,33,40,159,2
0,XY1,76,37,52,169,2
0,XY1,82,41,64,177,2
0,XY1,88,44,75,180,0
0,XY1,92,47,86,180,0
0,XY1,98,53,98,176,0
0,XY1,105,57,106,163,0
0,XY1,110,62,114,150,0
0,XY1,115,66,118,131,0
0,XY1,121,71,120,114,0
0,XY1,127,75,120,90,0
0,XY1,135,79,117,72,0
0,XY1,142,84,111,56,0
0,XY1,147,89,103,45,0
0,XY1,153,4,95,30,0
0,XY1,159,9,82,21,0
0,XY1,164,13,70,7,0
0,XY1,170,16,60,3,2
0,XY1,175,20,48,2,2
0,XY1,180,23,37,3,2
0,XY1,5,27,27,7,2
0,XY1,12,31,15,12,2
0,XY1,17,35,8,23,2
0,XY1,24,40,4,36,2
0,XY1,30,44,2,51,2
0,XY1,35,47,2,67,2
0,XY1,42,52,5,87,2
0,XY1,48,57,11,104,2
0,XY1,53,61,18,125,2
0,XY1,64,66,29,140,2
0,XY1,70,71,40,154,2
0,XY1,76,76,52,165,0
0,XY1,83,80,64,173,0
0,XY1,89,83,76,179,0
0,XY1,93,87,88,180,0
0,XY1,99,90,98,177,0
0,XY1,105,4,107,171,0
0,XY1,110,7,113,161,0
0,XY1,116,9,118,149,0
0,XY1,121,12,120,134,0
0,XY1,127,15,120,118,0
0,XY1,134,18,117,101,0
0,XY1,141,24,111,81,0
0,XY1,147,29,103,64,0
0,XY1,156,33,94,48,0
0,XY1,163,39,83,33,2
0,XY1,170,44,71,24,2
0,XY1,175,47,59,16,2
0,XY1,3,52,47,10,2
0,XY1,8,55,35,6,2
0,XY1,12,58,24,2,2
0,XY1,16,61,15,2,2
0,XY1,21,67,8,4,2
0,XY1,25,72,4,10,2
0,XY1,29,76,2,30,2
0,XY1,35,80,2,44,2
0,XY1,40,84,6,59,2
0,XY1,44,87,11,77,2
0,XY1,48,3,19,94,2
0,XY1,52,7,29,111,2
0,XY1,56,11,39,128,2
0,XY1,60,16,51,143,0
0,XY1,64,21,63,157,0
0,XY1,69,26,76,170,0
0,XY1,73,30,87,176,0
0,XY1,78,35,98,180,0
0,XY1,82,43,106,180,0
0,XY1,87,47,113,177,0
0,XY1,91,52,118,170,0
0,XY1,96,56,120,161,0
0,XY1,101,60,120,144,0
0,XY1,105,63,117,129,0
0,XY1,110,66,111,113,0
0,XY1,114,73,104,95,0
0,XY1,118,77,94,78,0
0,XY1,123,81,82,62,0
0,XY1,127,85,71,45,0
0,XY1,132,90,60,27,2
0,XY1,136,5,48,17,2
0,XY1,141,8,37,7,2
0,XY1,146,11,24,3,2
0,XY1,151,14,16,2,2
0,XY1,155,17,8,2,2
0,XY1,159,20,4,5,2
0,XY1,164,24,2,17,2
0,XY1,168,28,2,27,2
0,XY1,173,33,5,41,2
0,XY1,178,39,11,56,2
0,XY1,6,43,19,74,2
0,XY1,15,46,29,106,2
0,XY1,21,50,39,126,2
0,XY1,26,55,52,142,2
0,XY1,35,60,64,155,2
0,XY1,41,64,76,166,0
0,XY1,48,69,87,174,0
0,XY1,53,73,98,179,0
0,XY1,59,77,106,180,0
0,XY1,64,83,113,176,0
0,XY1,71,87,118,170,0
0,XY1,78,3,120,148,0
0,XY1,85,7,120,134,0
0,XY1,91,11,116,108,0
0,XY1,98,17,111,89,0
0,XY1,105,22,103,72,0
0,XY1,112,25,95,54,0
0,XY1,118,28,83,40,0
0,XY1,121,34,72,26,0
0,XY1,126,39,58,15,2
0,XY1,131,43,47,7,2
0,XY1,139,47,35,2,2
0,XY1,146,53,24,2,2
0,XY1,154,57,15,4,2
0,XY1,164,60,8,7,2
0,XY1,169,63,4,20,2
0,XY1,173,66,2,32,2
0,XY1,178,70,2,46,2
0,XY1,4,74,5,68,2
0,XY1,10,79,11,86,2
0,XY1,21,83,18,103,2
0,XY1,27,89,27,119,2
0,XY1,31,4,38,137,2
0,XY1,35,9,49,150,2
0,XY1,39,13,61,163,0
0,XY1,43,18,76,173,0
0,XY1,50,26,87,179,0
0,XY1,56,33,98,180,0
0,XY1,62,37,107,178,0
0,XY1,71,42,114,172,0
0,XY1,78,46,119,160,0
0,XY1,85,50,120,143,0
0,XY1,92,54,120,119,0
0,XY1,96,59,117,103,0
0,XY1,101,63,111,86,0
0,XY1,106,68,103,69,0
0,XY1,111,72,93,52,0
0,XY1,117,77,82,37,0
0,XY1,123,81,71,24,0
0,XY1,127,84,60,12,2
0,XY1,131,87,49,5,2
0,XY1,135,2,37,2,2
0,XY1,140,6,27,2,2
0,XY1,144,10,18,5,2
0,XY1,148,13,11,10,2
0,XY1,152,17,5,16,2
0,XY1,157,24,2,23,2
0,XY1,162,28,2,31,2
0,XY1,168,33,3,42,2
0,XY1,172,37,8,58,2
0,XY1,176,41,13,87,2
0,XY1,180,45,22,103,2
0,XY1,4,49,31,120,2
0,XY1,9,53,42,137,2
0,XY1,13,58,54,150,0
0,XY1,18,63,64,163,0
0,XY1,24,67,75,172,0
0,XY1,27,71,87,178,0
0,XY1,32,75,98,180,0
0,XY1,37,79,107,179,0
0,XY1,42,84,113,173,0
0,XY1,47,89,118,165,0
0,XY1,53,4,120,154,0
0,XY1,63,9,120,140,0
0,XY1,68,18,117,118,0
0,XY1,75,22,111,101,0
0,XY1,81,27,103,85,0
0,XY1,86,31,94,66,0
0,XY1,92,37,84,49,0
0,XY1,98,39,72,32,2
0,XY1,104,43,58,11,2
0,XY1,110,46,47,5,2
0,XY1,117,48,35,2,2
0,XY1,123,53,23,2,2
0,XY1,129,56,15,4,2
0,XY1,135,59,9,9,2
0,XY1,142,62,4,19,2
0,XY1,147,65,2,30,2
0,XY1,153,70,2,43,2
0,XY1,159,75,5,53,2
0,XY1,164,83,10,68,2
0,XY1,172,88,17,94,2
0,XY1,177,4,29,113,2
0,XY1,5,8,39,130,2
0,XY1,10,12,52,144,0
0,XY1,20,17,64,158,0
0,XY1,26,21,76,168,0
0,XY1,32,25,87,175,0
0,XY1,38,30,98,180,0
0,XY1,44,34,107,180,0
0,XY1,50,38,114,175,0
0,XY1,54,43,118,168,0
0,XY1,59,46,120,158,0
0,XY1,64,54,120,144,0
0,XY1,70,59,117,130,0
0,XY1,76,64,112,107,0
0,XY1,81,68,103,91,0
0,XY1,91,72,94,74,0
0,XY1,96,76,83,42,2
0,XY1,102,80,72,27,2
0,XY1,108,85,61,17,2
0,XY1,114,90,50,7,2
0,XY1,121,4,38,3,2
0,XY1,127,7,27,1,2
0,XY1,134,11,19,3,2
0,XY1,140,14,11,6,2
0,XY1,148,18,5,19,2
0,XY1,154,23,2,32,2
0,XY1,160,27,2,46,2
0,XY1,167,32,3,57,2
0,XY1,173,37,7,72,2
0,XY1,177,41,13,100,2
0,XY1,3,46,20,117,2
0,XY1,7,49,29,133,0
0,XY1,11,53,40,148,0
0,XY1,16,58,52,161,0
0,XY1,20,63,64,171,0
0,XY1,25,67,76,177,0
0,XY1,29,72,88,180,0
0,XY1,34,76,98,180,0
0,XY1,38,80,107,176,0
0,XY1,42,84,114,169,0
0,XY1,46,89,118,158,0
0,XY1,52,4,120,144,0
0,XY1,56,9,120,130,0
0,XY1,61,13,117,113,0
0,XY1,65,18,111,94,2
0,XY1,70,22,103,77,2
0,XY1,74,28,95,60,2
0,XY1,78,33,84,44,2
0,XY1,82,38,73,30,2
0,XY1,86,43,61,17,2
0,XY1,90,46,48,9,2
0,XY1,93,50,37,3,2
0,XY1,97,53,26,2,2
0,XY1,101,57,18,2,2
0,XY1,107,60,11,6,2
0,XY1,111,64,5,12,2
0,XY1,117,68,2,27,2
0,XY1,121,72,2,41,2
0,XY1,127,76,3,57,2
0,XY1,130,81,7,74,2
0,XY1,135,85,13,91,0
0,XY1,139,89,21,107,0
0,XY1,143,5,31,122,0
0,XY1,147,9,42,146,0
0,XY1,151,14,57,159,0
0,XY1,155,18,67,170,0
0,XY1,159,22,83,178,0
0,XY1,163,26,93,180,0
0,XY1,168,31,105,179,0
0,XY1,172,36,112,172,0
0,XY1,177,40,118,163,0
0,XY1,2,44,120,151,0
0,XY1,6,47,120,138,0
0,XY1,10,52,117,122,0
0,XY1,14,56,112,101,0
0,XY1,19,61,105,84,0
0,XY1,23,67,94,67,2
0,XY1,27,71,83,50,2
0,XY1,33,75,72,36,2
0,XY1,38,79,59,23,2
0,XY1,43,85,47,11,2
0,XY1,47,90,36,4,2
0,XY1,50,7,26,2,2
0,XY1,55,10,15,2,2
0,XY1,59,12,9,4,2
0,XY1,63,16,4,8,2
0,XY1,69,19,2,14,2
0,XY1,74,23,2,30,2
0,XY1,78,27,5,43,2
0,XY1,83,31,13,62,2
0,XY1,88,34,20,80,2
0,XY1,91,38,36,98,0
0,XY1,96,43,52,116,0
0,XY1,100,46,64,128,0
0,XY1,105,50,78,139,0
0,XY1,110,57,88,151,0
0,XY1,114,62,102,160,0
0,XY1,119,66,114,170,0
0,XY1,124,71,119,177,0
0,XY1,129,75,120,180,0
0,XY1,133,79,120,180,0
0,XY1,139,85,117,176,0
0,XY1,146,3,110,169,0
0,XY1,151,9,103,156,0
0,XY1,157,15,85,143,0
0,XY1,163,20,72,128,2
0,XY1,169,24,61,111,2
0,XY1,175,28,47,92,2
0,XY1,2,33,36,75,2
0,XY1,8,38,18,55,2
0,XY1,14,42,11,38,2
0,XY1,20,46,6,24,2
0,XY1,26,49,2,14,2
0,XY1,32,58,2,7,2
0,XY1,38,61,5,2,2
0,XY1,44,64,13,2,2
0,XY1,50,66,23,4,2
0,XY1,56,70,35,9,2
0,XY1,62,73,49,25,2
0,XY1,68,76,61,39,0
0,XY1,74,80,73,63,0
0,XY1,80,83,85,87,0
0,XY1,86,88,99,106,0
0,XY1,91,3,108,123,0
0,XY1,100,8,114,139,0
0,XY1,110,12,119,153,0
0,XY1,115,16,120,161,0
0,XY1,121,21,120,170,0
0,XY1,126,25,117,177,0
0,XY1,133,29,112,180,0
0,XY1,139,33,104,178,0
0,XY1,145,39,95,173,0
0,XY1,151,43,85,163,0
0,XY1,157,46,74,152,0
0,XY1,163,51,62,138,0
0,XY1,169,55,52,122,2
0,XY1,175,60,37,105,2
0,XY1,2,65,27,88,2
0,XY1,8,69,18,70,2
0,XY1,14,74,10,53,2
0,XY1,20,78,5,39,2
0,XY1,26,82,2,25,2
0,XY1,32,87,2,14,2
0,XY1,38,2,3,5,2
0,XY1,44,7,7,2,2
0,XY1,50,11,13,2,2
0,XY1,55,15,20,5,2
0,XY1,61,18,29,10,2
0,XY1,66,20,39,26,2
0,XY1,72,25,51,48,2
0,XY1,77,29,61,65,0
0,XY1,85,33,73,81,0
0,XY1,90,36,84,98,0
0,XY1,95,40,95,116,0
0,XY1,101,43,104,133,0
0,XY1,109,46,112,158,0
0,XY1,115,51,118,170,0
0,XY1,120,56,120,176,0
0,XY1,126,60,120,179,0
0,XY1,133,65,117,180,0
0,XY1,139,69,113,177,0
0,XY1,145,73,105,170,0
0,XY1,151,77,96,160,0
0,XY1,157,82,84,145,0
0,XY1,163,86,72,131,0
0,XY1,168,90,61,114,2
0,XY1,175,8,50,94,2
0,XY1,2,12,38,68,2
0,XY1,8,17,26,44,2
0,XY1,14,21,17,29,2
0,XY1,20,26,10,17,2
0,XY1,26,31,5,5,2
0,XY1,32,35,2,2,2
0,XY1,38,40,2,2,2
0,XY1,44,44,3,5,2
0,XY1,50,47,8,8,2
0,XY1,57,51,13,13,2
0,XY1,63,55,21,32,2
0,XY1,69,58,33,56,2
0,XY1,75,62,44,72,0
0,XY1,80,65,55,93,0
0,XY1,86,69,67,112,0
0,XY1,92,74,78,130,0
0,XY1,98,78,89,145,0
0,XY1,103,83,99,159,0
0,XY1,110,87,107,170,0
0,XY1,115,90,114,177,0
0,XY1,121,5,118,180,0
0,XY1,127,9,120,180,0
0,XY1,133,16,120,178,0
0,XY1,139,21,118,167,0
0,XY1,145,25,113,155,0
0,XY1,151,30,106,139,0
0,XY1,156,35,98,124,0
0,XY1,162,39,87,106,2
0,XY1,172,43,77,87,2
0,XY1,177,48,65,70,2
0,XY1,4,52,55,53,2
0,XY1,10,56,44,38,2
0,XY1,16,61,33,25,2
0,XY1,22,66,23,14,2
0,XY1,27,70,15,7,2
0,XY1,33,74,8,2,2
0,XY1,40,78,3,2,2
0,XY1,46,83,2,4,2
0,XY1,52,87,2,10,2
0,XY1,57,4,5,24,2
0,XY1,63,9,10,41,2
0,XY1,70,12,17,59,2
0,XY1,76,15,26,77,2
0,XY1,82,18,36,93,0
0,XY1,88,25,47,111,0
0,XY1,93,30,58,127,0
0,XY1,99,34,73,142,0
0,XY1,105,38,84,156,0
0,XY1,111,43,96,168,0
0,XY1,118,46,106,175,0
0,XY1,124,50,113,180,0
0,XY1,132,54,117,180,0
0,XY1,138,56,120,177,0
0,XY1,145,63,120,172,0
0,XY1,151,67,117,165,0
0,XY1,157,71,112,153,0
0,XY1,163,76,105,130,0
0,XY1,169,80,95,114,0
0,XY1,175,84,85,96,2
0,XY1,5,89,72,80,2
0,XY1,12,4,61,63,2
0,XY1,18,8,49,44,2
0,XY1,25,12,37,30,2
0,XY1,31,17,26,16,2
0,XY1,36,21,17,7,2
0,XY1,42,26,9,3,2
0,XY1,48,31,5,1,2
0,XY1,55,37,2,2,2
0,XY1,62,41,2,6,2
0,XY1,72,46,4,12,2
0,XY1,79,49,9,23,2
0,XY1,89,54,17,35,2
0,XY1,93,58,26,50,0
0,XY1,100,62,36,66,0
0,XY1,106,67,47,84,0
0,XY1,112,72,58,103,0
0,XY1,118,77,69,120,0
0,XY1,124,81,80,137,0
0,XY1,130,85,91,151,0
0,XY1,136,90,100,163,0
0,XY1,142,5,108,172,0
0,XY1,148,10,114,179,0
0,XY1,154,14,119,180,0
0,XY1,160,17,120,178,0
0,XY1,167,21,119,172,0
0,XY1,173,24,116,163,0
0,XY1,178,31,110,153,0
0,XY1,5,35,102,143,2
0,XY1,11,40,93,130,2
0,XY1,17,44,83,118,2
0,XY1,22,47,72,98,2
0,XY1,28,51,61,82,2
0,XY1,34,56,49,65,2
0,XY1,39,61,37,48,2
0,XY1,45,65,26,34,2
0,XY1,53,70,17,21,2
0,XY1,59,75,10,12,2
0,XY1,65,80,5,4,2
0,XY1,71,84,2,2,2
0,XY1,75,89,2,2,2
0,XY1,80,6,3,4,2
0,XY1,84,10,8,7,2
0,XY1,89,13,14,16,0
0,XY1,92,17,23,30,0
0,XY1,97,20,36,54,0
0,XY1,101,28,47,71,0
0,XY1,106,33,58,100,0
0,XY1,111,37,73,116,0
0,XY1,115,41,85,134,0
0,XY1,119,45,96,149,0
0,XY1,123,48,105,170,0
0,XY1,127,53,112,177,0
0,XY1,132,58,117,180,0
0,XY1,136,62,120,180,0
0,XY1,139,67,120,176,0
0,XY1,145,70,118,169,0
0,XY1,150,73,112,157,0
0,XY1,154,77,105,137,0
0,XY1,160,82,95,125,2
0,XY1,165,86,85,111,2
0,XY1,169,90,72,98,2
0,XY1,177,5,61,85,2
0,XY1,4,9,49,67,2
0,XY1,10,13,37,48,2
0,XY1,17,18,26,33,2
0,XY1,22,22,17,21,2
0,XY1,28,27,10,10,2
0,XY1,34,32,4,4,2
0,XY1,40,36,2,2,2
0,XY1,45,40,2,2,2
0,XY1,51,45,5,4,2
0,XY1,58,48,9,10,2
0,XY1,64,53,17,17,2
0,XY1,70,57,26,28,0
0,XY1,80,60,37,41,0
0,XY1,88,64,49,57,0
0,XY1,92,71,61,75,0
0,XY1,97,75,73,93,0
0,XY1,103,80,85,111,0
0,XY1,112,84,96,128,0
0,XY1,118,89,105,145,0
0,XY1,124,4,113,158,0
0,XY1,129,10,118,169,0
0,XY1,136,15,120,176,0
0,XY1,143,19,120,180,0
0,XY1,149,23,117,180,0
0,XY1,156,28,112,176,0
0,XY1,161,32,105,169,0
0,XY1,168,34,95,158,2
0,XY1,175,38,84,131,2
0,XY1,2,45,72,111,2
0,XY1,8,49,61,95,2
0,XY1,13,53,49,82,2
0,XY1,19,58,37,69,2
0,XY1,30,63,26,43,2
0,XY1,36,67,16,29,2
0,XY1,42,72,9,18,2
0,XY1,48,76,4,8,2
0,XY1,53,81,2,3,2
0,XY1,59,86,2,2,2
0,XY1,65,90,5,3,2
0,XY1,70,6,10,7,2
0,XY1,76,10,17,11,2
0,XY1,80,13,26,17,0
0,XY1,87,17,37,36,0
0,XY1,91,20,49,53,0
0,XY1,97,23,61,70,0
0,XY1,102,27,74,87,0
0,XY1,106,32,85,115,0
0,XY1,112,36,96,132,0
0,XY1,118,40,106,149,0
0,XY1,124,44,113,163,0
0,XY1,130,48,118,172,0
0,XY1,136,52,120,178,0
0,XY1,142,57,120,180,0
0,XY1,147,61,117,179,0
0,XY1,153,66,112,173,0
0,XY1,159,70,105,164,2
0,XY1,165,74,95,149,2
0,XY1,171,78,84,118,2
0,XY1,177,83,72,101,2
0,XY1,3,86,61,85,2
0,XY1,9,90,48,70,2
0,XY1,15,3,37,57,2
0,XY1,21,10,26,36,2
0,XY1,26,15,16,23,2
0,XY1,32,19,9,13,2
0,XY1,37,24,4,6,2
0,XY1,43,28,2,2,2
0,XY1,49,33,2,2,2
0,XY1,55,38,5,4,2
0,XY1,61,43,10,9,2
0,XY1,66,46,17,18,0
0,XY1,72,51,27,29,0
0,XY1,77,54,37,43,0
0,XY1,84,57,50,59,0
0,XY1,90,60,61,77,0
0,XY1,94,65,74,95,0
0,XY1,98,69,85,115,0
0,XY1,102,74,96,133,0
0,XY1,107,78,106,151,0
0,XY1,111,82,112,163,0
0,XY1,117,87,117,172,0
0,XY1,121,2,120,178,0
0,XY1,126,9,120,180,0
0,XY1,130,13,118,179,0
0,XY1,135,18,114,173,0
0,XY1,140,22,106,165,2
0,XY1,144,26,95,154,2
0,XY1,148,31,84,140,2
0,XY1,153,36,72,125,2
0,XY1,160,40,61,103,2
0,XY1,166,44,49,82,2
0,XY1,172,47,37,65,2
0,XY1,178,50,26,48,2
0,XY1,5,54,17,37,2
0,XY1,10,60,9,28,2
0,XY1,17,65,4,18,2
0,XY1,22,69,2,11,2
0,XY1,28,73,2,5,2
0,XY1,37,79,4,2,2
0,XY1,44,83,10,2,2
0,XY1,52,88,18,4,0
0,XY1,58,3,27,10,0
0,XY1,64,7,37,17,0
0,XY1,69,11,48,29,0
0,XY1,75,14,60,46,0
0,XY1,81,17,71,62,0
0,XY1,85,22,89,80,0
0,XY1,90,27,100,97,0
0,XY1,94,31,110,114,0
0,XY1,98,35,115,138,0
0,XY1,106,39,120,156,0
0,XY1,114,44,120,167,0
0,XY1,120,47,119,175,0
0,XY1,124,51,114,180,0
0,XY1,129,56,107,180,0
0,XY1,133,60,99,178,1
0,XY1,142,65,89,171,2
0,XY1,148,69,75,159,2
0,XY1,159,73,64,147,2
0,XY1,165,79,50,132,2
0,XY1,170,84,38,115,2
0,XY1,177,89,26,98,2
0,XY1,4,7,15,81,2
0,XY1,8,11,8,65,2
0,XY1,13,14,4,44,2
0,XY1,18,18,2,30,2
0,XY1,22,21,3,19,2
0,XY1,31,25,7,12,2
0,XY1,36,30,13,7,2
0,XY1,42,35,21,3,2
0,XY1,47,40,31,1,2
0,XY1,54,44,44,2,0
0,XY1,61,47,58,5,0
0,XY1,67,52,69,19,0
0,XY1,73,56,80,30,0
0,XY1,79,59,91,44,0
0,XY1,85,62,100,60,0
0,XY1,90,69,110,77,0
0,XY1,96,73,115,94,0
0,XY1,101,77,119,114,0
0,XY1,107,81,120,131,0
0,XY1,113,86,120,145,0
0,XY1,120,1,116,161,0
0,XY1,128,6,111,172,0
0,XY1,137,10,104,180,0
0,XY1,143,15,95,179,0
0,XY1,146,19,85,175,2
0,XY1,151,23,73,168,2
0,XY1,163,27,61,157,2
0,XY1,169,32,50,144,2
0,XY1,175,37,38,129,2
0,XY1,3,41,27,113,2
0,XY1,9,46,17,95,2
0,XY1,16,52,10,78,2
0,XY1,22,56,4,58,2
0,XY1,27,61,2,42,2
0,XY1,33,64,2,28,2
0,XY1,39,68,5,17,2
0,XY1,45,74,16,9,2
0,XY1,51,78,25,3,2
0,XY1,57,83,35,2,2
0,XY1,63,87,49,3,2
0,XY1,68,3,61,5,0
0,XY1,74,7,83,18,0
0,XY1,80,10,93,29,0
0,XY1,85,13,104,43,0
0,XY1,89,17,111,59,0
0,XY1,94,20,116,76,0
0,XY1,98,26,120,93,0
0,XY1,106,30,120,110,0
0,XY1,112,35,119,127,0
0,XY1,118,39,115,142,0
0,XY1,124,43,108,155,0
0,XY1,131,47,99,167,0
0,XY1,137,51,90,176,0
0,XY1,143,56,79,180,0
0,XY1,147,60,68,180,0
0,XY1,152,64,57,177,2
0,XY1,157,69,42,171,2
0,XY1,166,73,31,161,2
0,XY1,172,77,22,148,2
0,XY1,178,81,14,133,2
0,XY1,3,86,8,116,2
0,XY1,8,90,4,100,2
0,XY1,13,5,2,82,2
0,XY1,17,12,2,65,2
0,XY1,23,17,5,49,2
0,XY1,29,21,10,32,2
0,XY1,35,25,17,19,2
0,XY1,41,29,26,11,2
0,XY1,46,32,38,4,2
0,XY1,52,36,49,2,0
0,XY1,59,42,61,2,0
0,XY1,64,46,72,5,0
0,XY1,72,50,83,12,0
0,XY1,77,53,93,19,0
0,XY1,89,57,105,27,0
0,XY1,93,60,112,45,0
0,XY1,99,64,117,60,0
0,XY1,108,69,120,78,0
0,XY1,115,75,120,95,0
0,XY1,121,82,118,115,0
0,XY1,127,86,113,131,0
0,XY1,134,2,105,149,0
0,XY1,141,9,97,163,0
0,XY1,147,14,87,172,0
0,XY1,154,21,75,179,2
0,XY1,158,26,63,180,2
0,XY1,163,30,50,177,2
0,XY1,169,35,38,171,2
0,XY1,178,39,26,161,2
0,XY1,4,47,18,150,2
0,XY1,15,51,10,131,2
0,XY1,21,55,5,110,2
0,XY1,27,62,2,93,2
0,XY1,33,66,2,76,2
0,XY1,39,70,6,58,2
0,XY1,44,75,12,43,2
0,XY1,50,78,19,29,2
0,XY1,57,82,28,18,2
0,XY1,63,85,41,7,0
0,XY1,70,2,52,3,0
0,XY1,77,6,64,2,0
0,XY1,82,9,77,3,0
0,XY1,88,13,88,6,0
0,XY1,93,17,98,16,0
0,XY1,100,21,108,22,0
0,XY1,107,26,114,32,0
0,XY1,112,30,118,48,0
0,XY1,118,34,120,69,0
0,XY1,124,39,120,87,0
0,XY1,129,43,117,105,0
0,XY1,136,46,112,126,0
0,XY1,143,50,106,142,0
0,XY1,150,57,89,158,0
0,XY1,156,62,79,170,0
0,XY1,161,66,67,178,2
0,XY1,166,71,53,180,2
0,XY1,170,75,42,178,2
0,XY1,177,79,31,170,2
0,XY1,4,83,22,159,2
0,XY1,12,87,14,144,2
0,XY1,17,4,8,119,2
0,XY1,28,9,3,90,2
0,XY1,34,16,2,69,2
0,XY1,41,20,2,49,2
0,XY1,48,24,5,34,2
0,XY1,54,29,10,22,2
0,XY1,65,34,18,10,2
0,XY1,76,39,29,3,2
0,XY1,82,43,43,1,2
0,XY1,89,46,55,3,2
0,XY1,93,49,65,5,0
0,XY1,100,52,77,10,0
0,XY1,106,55,88,16,0
0,XY1,112,59,98,31,0
0,XY1,118,62,108,41,0
0,XY1,126,65,114,56,0
0,XY1,132,72,118,69,0
0,XY1,139,76,120,96,0
0,XY1,144,80,120,117,0
0,XY1,150,84,117,134,0
0,XY1,156,89,111,148,0
0,XY1,163,4,103,165,0
0,XY1,168,9,95,177,0
0,XY1,175,13,81,180,0
0,XY1,1,17,70,179,0
0,XY1,11,21,58,172,2
0,XY1,16,26,44,161,2
0,XY1,22,30,33,144,2
0,XY1,29,36,24,130,2
0,XY1,35,40,15,113,2
0,XY1,41,44,9,82,2
0,XY1,46,47,4,60,2
0,XY1,52,51,1,40,2
0,XY1,57,56,4,24,2
0,XY1,64,61,9,13,2
0,XY1,70,66,15,3,2
0,XY1,77,70,33,2,2
0,XY1,84,75,49,5,2
0,XY1,90,79,64,9,2
0,XY1,94,83,75,17,0
0,XY1,101,87,86,35,0
0,XY1,109,3,96,50,0
0,XY1,114,7,106,69,0
0,XY1,120,11,113,81,0
0,XY1,125,14,119,96,0
0,XY1,131,18,121,114,0
0,XY1,137,25,119,129,0
0,XY1,144,29,116,148,0
0,XY1,151,33,108,165,0
0,XY1,156,38,97,173,0
0,XY1,162,42,87,178,0
0,XY1,169,46,74,180,0
0,XY1,174,50,62,178,0
0,XY1,2,55,50,171,0
0,XY1,8,59,37,163,2
0,XY1,12,63,27,150,2
0,XY1,17,67,17,126,2
0,XY1,22,72,8,108,2
0,XY1,29,76,3,92,2
0,XY1,35,80,2,71,2
0,XY1,42,84,3,55,2
0,XY1,49,89,12,29,2
0,XY1,55,4,20,16,2
0,XY1,61,9,29,8,2
0,XY1,68,13,42,3,2
0,XY1,73,20,52,2,2
0,XY1,81,25,64,3,2
0,XY1,86,29,75,6,2
0,XY1,91,33,86,16,2
0,XY1,97,37,97,31,2
0,XY1,102,41,108,48,0
0,XY1,109,46,114,69,0
0,XY1,116,49,118,94,0
0,XY1,124,53,120,106,0
0,XY1,130,57,120,123,0
0,XY1,141,60,118,135,0
0,XY1,148,64,111,152,0
0,XY1,154,68,104,163,0
0,XY1,159,72,85,176,0
0,XY1,166,77,73,180,0
0,XY1,172,81,62,179,0
0,XY1,178,85,48,175,0
0,XY1,4,90,37,166,2
0,XY1,10,5,20,155,2
0,XY1,16,10,12,142,2
0,XY1,19,14,5,126,2
0,XY1,24,18,2,108,2
0,XY1,28,23,2,87,2
0,XY1,36,27,7,69,2
0,XY1,41,31,20,52,2
0,XY1,47,35,32,37,2
0,XY1,53,41,46,16,2
0,XY1,58,45,58,6,2
0,XY1,65,48,69,2,2
0,XY1,71,52,80,2,2
0,XY1,77,56,91,5,2
0,XY1,84,62,100,10,2
0,XY1,89,66,110,26,0
0,XY1,96,71,116,43,0
0,XY1,103,76,119,65,0
0,XY1,109,80,120,88,0
0,XY1,114,84,119,111,0
0,XY1,120,89,116,136,0
0,XY1,125,4,111,147,0
0,XY1,131,9,103,157,0
0,XY1,137,12,95,172,0
0,XY1,143,15,84,178,0
0,XY1,148,19,73,180,0
0,XY1,156,22,61,179,0
0,XY1,163,26,50,175,0
0,XY1,172,29,39,167,0
0,XY1,179,35,26,156,0
0,XY1,6,40,16,143,2
0,XY1,12,44,9,129,2
0,XY1,18,47,4,112,2
0,XY1,23,51,2,85,2
0,XY1,34,55,2,58,2
0,XY1,39,60,10,42,2
0,XY1,43,64,18,29,2
0,XY1,49,69,27,17,2
0,XY1,53,74,40,8,2
0,XY1,58,78,51,2,2
0,XY1,64,83,65,2,2
0,XY1,70,87,79,3,2
0,XY1,76,3,89,8,2
0,XY1,81,8,102,21,2
0,XY1,89,12,112,33,0
0,XY1,93,17,118,52,0
0,XY1,99,22,121,71,0
0,XY1,104,27,119,93,0
0,XY1,110,31,116,114,0
0,XY1,116,37,109,136,0
0,XY1,121,42,100,154,0
0,XY1,128,46,91,162,0
0,XY1,134,50,80,169,0
0,XY1,139,54,69,174,0
0,XY1,151,57,55,179,0
0,XY1,158,61,40,180,0
0,XY1,165,64,30,176,0
0,XY1,170,71,20,168,2
0,XY1,177,74,13,155,2
0,XY1,4,78,7,138,2
0,XY1,9,85,3,117,2
0,XY1,17,89,2,87,2
0,XY1,24,4,3,65,2
0,XY1,29,9,7,37,2
0,XY1,35,13,12,20,2
0,XY1,41,17,24,11,2
0,XY1,45,22,36,3,2
0,XY1,50,26,47,2,2
0,XY1,55,30,58,3,2
0,XY1,60,34,69,11,2
0,XY1,66,39,80,22,2
0,XY1,72,44,91,34,2
0,XY1,83,47,102,63,0
0,XY1,89,53,109,91,0
0,XY1,93,57,116,112,0
0,XY1,100,62,119,129,0
0,XY1,107,66,120,144,0
0,XY1,114,71,118,159,0
0,XY1,120,76,113,169,0
0,XY1,125,80,107,178,0
0,XY1,131,84,99,180,0
0,XY1,137,88,87,180,0
0,XY1,144,4,75,178,0
0,XY1,151,8,63,175,0
0,XY1,157,12,51,168,0
0,XY1,163,15,39,149,0
0,XY1,169,18,29,130,0
0,XY1,175,23,19,114,2
0,XY1,180,27,11,94,2
0,XY1,8,32,5,77,2
0,XY1,13,37,2,60,2
0,XY1,19,40,2,33,2
0,XY1,25,43,4,21,2
0,XY1,30,46,9,9,2
0,XY1,36,52,15,3,2
0,XY1,42,56,24,2,2
0,XY1,49,60,35,3,2
0,XY1,53,64,47,9,2
0,XY1,57,69,59,21,2
0,XY1,62,73,71,39,2
0,XY1,71,78,83,59,2
0,XY1,77,82,94,81,2
0,XY1,82,86,104,101,0
0,XY1,89,90,111,127,0
0,XY1,94,6,117,147,0
0,XY1,100,10,120,163,0
0,XY1,108,15,120,172,0
0,XY1,113,20,118,179,0
0,XY1,119,25,113,181,0
0,XY1,126,32,106,179,0
0,XY1,133,36,98,176,0
0,XY1,139,41,88,169,0
0,XY1,145,46,77,152,0
0,XY1,155,49,60,135,0
0,XY1,161,53,37,118,0
0,XY1,168,57,27,102,0
0,XY1,173,60,18,80,0
0,XY1,180,63,10,63,0
0,XY1,7,65,4,46,2
0,XY1,12,70,2,28,2
0,XY1,18,74,2,17,2
0,XY1,25,78,6,7,2
0,XY1,31,82,12,3,2
0,XY1,36,87,19,2,2
0,XY1,42,2,29,3,2
0,XY1,53,6,41,5,2
0,XY1,59,10,52,21,2
0,XY1,64,15,64,47,2
0,XY1,68,19,77,67,2
0,XY1,74,23,88,90,2
0,XY1,84,28,98,112,2
0,XY1,89,32,107,135,2
0,XY1,94,37,114,155,2
0,XY1,101,41,118,169,0
0,XY1,106,46,120,178,0
0,XY1,112,49,120,180,0
0,XY1,120,53,117,176,0
0,XY1,125,59,111,172,0
0,XY1,131,64,103,165,0
0,XY1,137,69,93,155,0
0,XY1,145,73,83,136,0
0,XY1,151,82,70,108,0
0,XY1,156,86,58,91,0
0,XY1,162,90,46,66,0
0,XY1,168,6,34,46,0
0,XY1,173,10,23,30,0
0,XY1,180,13,14,15,0
0,XY1,7,17,7,7,1
0,XY1,13,20,3,2,2
0,XY1,19,23,2,2,2
0,XY1,25,28,2,3,2
0,XY1,30,33,6,16,2
0,XY1,36,40,12,27,2
0,XY1,43,45,19,40,2
0,XY1,49,48,29,56,2
0,XY1,56,52,39,74,2
0,XY1,62,56,52,90,2
0,XY1,69,60,64,110,2
0,XY1,73,64,77,127,2
0,XY1,78,69,88,142,2
0,XY1,82,74,99,156,2
0,XY1,89,78,108,169,2
0,XY1,93,84,114,179,2
0,XY1,99,89,119,180,0
0,XY1,105,4,120,178,0
0,XY1,110,8,120,172,0
0,XY1,116,15,116,163,0
0,XY1,123,20,111,150,0
0,XY1,129,24,103,139,0
0,XY1,134,28,93,124,0
0,XY1,141,33,82,106,0
0,XY1,149,38,71,85,0
0,XY1,159,43,60,66,0
0,XY1,166,46,48,49,0
0,XY1,171,51,34,32,0
0,XY1,177,54,23,19,0
0,XY1,5,57,15,10,0
0,XY1,10,61,8,4,0
0,XY1,16,64,3,2,2
0,XY1,21,69,2,3,2
0,XY1,28,75,2,5,2
0,XY1,36,79,6,9,2
0,XY1,41,84,11,17,2
0,XY1,47,88,19,28,2
0,XY1,53,4,29,56,2
0,XY1,58,9,39,72,2
0,XY1,65,15,50,90,2
0,XY1,71,19,61,112,2
0,XY1,77,22,73,131,2
0,XY1,82,26,86,148,2
0,XY1,87,32,96,161,2
0,XY1,90,36,107,170,2
0,XY1,94,40,114,178,0
0,XY1,98,45,118,180,0
0,XY1,109,48,120,179,0
0,XY1,115,53,120,174,0
0,XY1,120,58,116,165,0
0,XY1,126,63,111,155,0
0,XY1,132,69,103,141,0
0,XY1,137,74,92,119,0
0,XY1,144,78,81,105,0
0,XY1,150,82,70,93,0
0,XY1,156,87,58,78,0
0,XY1,161,3,45,54,0
0,XY1,167,7,34,40,0
0,XY1,173,11,23,26,0
0,XY1,178,14,14,14,0
0,XY1,6,17,8,6,2
0,XY1,12,21,4,2,2
0,XY1,17,25,2,2,2
0,XY1,23,30,2,4,2
0,XY1,28,34,5,7,2
0,XY1,34,38,11,13,2
0,XY1,40,43,19,26,2
0,XY1,47,46,29,40,2
0,XY1,53,50,40,54,2
0,XY1,58,55,52,71,2
0,XY1,64,59,64,89,2
0,XY1,70,63,75,105,2
0,XY1,75,67,87,123,2
0,XY1,81,70,99,138,2
0,XY1,88,75,107,152,2
0,XY1,92,78,114,165,2
0,XY1,96,82,119,174,0
0,XY1,101,86,120,179,0
0,XY1,105,2,120,180,0
0,XY1,114,6,116,178,0
0,XY1,119,10,111,172,0
0,XY1,126,15,103,163,0
0,XY1,132,20,92,149,0
0,XY1,137,24,81,134,0
0,XY1,143,29,70,118,0
0,XY1,150,35,58,93,0
0,XY1,156,40,47,81,0
0,XY1,162,45,34,65,0
0,XY1,168,48,24,50,0
0,XY1,174,53,15,31,0
0,XY1,179,56,8,19,2
0,XY1,6,59,4,10,2
0,XY1,12,66,2,4,2
0,XY1,17,72,2,2,2
0,XY1,24,76,5,2,2
0,XY1,30,80,11,4,2
0,XY1,35,89,19,8,2
0,XY1,41,4,27,13,2
0,XY1,46,9,38,24,2
0,XY1,54,13,49,36,2
0,XY1,61,17,61,51,2
0,XY1,67,23,71,68,2
0,XY1,73,29,83,85,2
0,XY1,79,35,93,104,2
0,XY1,85,38,105,122,2
0,XY1,91,43,114,138,2
0,XY1,96,46,118,151,0
0,XY1,101,52,120,163,0
0,XY1,105,57,120,172,0
0,XY1,109,62,117,178,0
0,XY1,114,67,111,181,0
0,XY1,119,72,103,179,0
0,XY1,125,77,93,174,0
0,XY1,130,81,81,155,0
0,XY1,137,85,69,125,0
0,XY1,145,89,58,103,0
0,XY1,152,4,44,85,0
0,XY1,157,9,33,66,0
0,XY1,163,12,22,52,0
0,XY1,169,16,14,37,0
0,XY1,174,19,8,27,0
0,XY1,180,22,4,16,2
0,XY1,6,28,2,7,2
0,XY1,13,32,2,2,2
0,XY1,21,36,5,2,2
0,XY1,27,40,10,3,2
0,XY1,35,44,18,7,2
0,XY1,40,48,27,15,2
0,XY1,46,53,39,25,2
0,XY1,53,57,50,40,2
0,XY1,59,62,61,58,2
0,XY1,64,66,72,76,2
0,XY1,70,70,83,92,2
0,XY1,77,74,94,112,2
0,XY1,82,79,105,129,2
0,XY1,88,84,112,144,0
0,XY1,94,88,117,160,0
0,XY1,100,2,120,169,0
0,XY1,106,6,120,176,0
0,XY1,112,9,119,180,0
0,XY1,116,13,113,180,0
0,XY1,121,18,107,175,0
0,XY1,125,22,99,168,0
0,XY1,129,27,89,158,0
0,XY1,137,32,78,144,0
0,XY1,145,36,67,129,0
0,XY1,150,41,56,113,0
0,XY1,157,47,42,95,0
0,XY1,163,51,31,79,0
0,XY1,169,55,22,57,2
0,XY1,175,58,13,41,2
0,XY1,2,62,7,32,2
0,XY1,9,64,3,24,2
0,XY1,14,69,1,14,2
0,XY1,22,74,3,9,2
0,XY1,27,78,6,3,2
0,XY1,33,83,12,1,2
0,XY1,39,87,19,3,2
0,XY1,46,2,28,6,2
0,XY1,51,6,42,12,2
0,XY1,57,11,53,18,2
0,XY1,63,16,75,34,2
0,XY1,70,21,95,49,2
0,XY1,75,25,104,68,2
0,XY1,84,29,112,88,2
0,XY1,89,33,117,107,0
0,XY1,94,38,120,125,0
0,XY1,100,42,120,142,0
0,XY1,107,46,118,155,0
0,XY1,118,49,113,166,0
0,XY1,126,53,106,174,0
0,XY1,130,57,98,179,0
0,XY1,134,64,88,180,0
0,XY1,139,68,77,178,0
0,XY1,148,73,62,172,0
0,XY1,154,77,52,164,0
0,XY1,159,81,38,152,0
0,XY1,165,86,27,138,0
0,XY1,170,1,17,119,0
0,XY1,176,6,10,102,0
0,XY1,3,11,5,86,2
0,XY1,10,14,2,68,2
0,XY1,15,17,2,37,2
0,XY1,21,21,4,24,2
0,XY1,27,26,9,11,2
0,XY1,32,30,16,6,2
0,XY1,38,34,25,3,2
0,XY1,43,38,36,2,2
0,XY1,50,43,50,3,2
0,XY1,56,47,61,6,2
0,XY1,67,51,73,11,2
0,XY1,73,56,84,20,2
0,XY1,84,61,95,39,2
0,XY1,91,65,104,56,2
0,XY1,96,70,112,72,0
0,XY1,103,74,118,90,0
0,XY1,109,78,120,107,0
0,XY1,119,83,120,124,0
0,XY1,125,88,118,142,0
0,XY1,132,3,114,156,0
0,XY1,137,7,108,166,0
0,XY1,142,11,99,176,0
0,XY1,147,14,88,180,0
0,XY1,154,17,76,180,0
0,XY1,160,21,64,175,0
0,XY1,166,25,52,166,0
0,XY1,172,30,39,155,0
0,XY1,2,34,29,142,2
0,XY1,8,38,19,127,2
0,XY1,14,42,10,111,2
0,XY1,20,47,5,93,2
0,XY1,26,55,2,71,2
0,XY1,31,58,2,49,2
0,XY1,37,61,4,34,2
0,XY1,43,65,9,16,2
0,XY1,49,72,16,8,2
0,XY1,54,77,25,3,2
0,XY1,60,81,37,2,2
0,XY1,66,89,48,2,2
0,XY1,72,4,61,4,2
0,XY1,77,9,72,10,2
0,XY1,83,13,84,19,0
0,XY1,89,18,96,32,0
0,XY1,93,22,105,46,0
0,XY1,99,27,112,62,0
0,XY1,105,31,117,81,0
0,XY1,111,35,120,98,0
0,XY1,117,40,120,119,0
0,XY1,123,45,117,137,0
0,XY1,129,49,110,155,0
0,XY1,135,53,101,166,0
0,XY1,141,58,92,175,0
0,XY1,147,63,81,180,0
0,XY1,152,66,70,179,0
0,XY1,156,69,59,173,0
0,XY1,161,72,44,165,2
0,XY1,166,76,33,150,2
0,XY1,172,80,24,134,2
0,XY1,177,85,13,118,2
0,XY1,4,90,7,100,2
0,XY1,10,5,3,82,2
0,XY1,16,9,2,66,2
0,XY1,21,13,3,49,2
0,XY1,27,16,9,22,2
0,XY1,33,20,16,10,2
0,XY1,39,23,25,4,2
0,XY1,44,28,35,2,2
0,XY1,51,32,46,4,2
0,XY1,57,36,57,7,2
0,XY1,62,40,68,14,2
0,XY1,68,44,81,20,2
0,XY1,74,48,92,28,0
0,XY1,80,52,104,52,0
0,XY1,91,57,111,69,0
0,XY1,96,62,116,87,0
0,XY1,101,71,120,103,0
0,XY1,107,75,120,120,0
0,XY1,112,80,118,139,0
0,XY1,119,84,111,157,0
0,XY1,125,88,102,167,0
0,XY1,131,6,93,176,0
0,XY1,137,11,82,180,0
0,XY1,142,16,71,180,0
0,XY1,148,22,60,177,0
0,XY1,154,26,48,168,2
0,XY1,158,29,37,158,2
0,XY1,163,32,27,145,2
0,XY1,168,35,18,131,2
0,XY1,173,38,11,114,2
0,XY1,2,43,5,96,2
0,XY1,9,47,2,80,2
0,XY1,15,51,2,59,2
0,XY1,21,55,4,40,2
0,XY1,27,58,8,26,2
0,XY1,36,62,14,16,2
0,XY1,45,65,23,6,2
0,XY1,52,70,35,2,2
0,XY1,58,75,46,2,2
0,XY1,64,79,61,3,2
0,XY1,71,84,72,7,0
0,XY1,77,88,83,21,0
0,XY1,83,3,93,28,0
0,XY1,90,8,103,38,0
0,XY1,98,13,111,48,0
0,XY1,104,17,117,74,0
0,XY1,115,22,120,93,0
0,XY1,121,26,120,111,0
0,XY1,128,31,116,129,0
0,XY1,135,35,109,144,0
0,XY1,143,39,102,158,0
0,XY1,149,43,90,168,0
0,XY1,157,47,79,176,0
0,XY1,165,52,68,180,0
0,XY1,170,56,56,180,1
0,XY1,175,61,42,175,2
0,XY1,5,65,31,168,2
0,XY1,12,71,20,158,2
0,XY1,19,75,10,141,2
0,XY1,25,80,2,126,2
0,XY1,30,83,2,92,2
0,XY1,36,86,4,76,2
0,XY1,41,89,8,58,2
0,XY1,47,7,15,41,2
0,XY1,54,10,23,26,2
0,XY1,62,13,35,9,2
0,XY1,67,17,52,4,2
0,XY1,73,23,64,2,2
0,XY1,79,30,75,2,2
0,XY1,84,34,86,5,2
0,XY1,91,38,96,8,0
0,XY1,95,43,105,22,0
0,XY1,101,46,112,35,0
0,XY1,107,50,117,49,0
0,XY1,112,55,120,63,0
0,XY1,118,59,120,75,0
0,XY1,124,63,118,86,0
0,XY1,130,67,112,97,0
0,XY1,136,71,105,116,0
0,XY1,143,76,96,134,0
0,XY1,150,84,86,149,0
0,XY1,161,89,71,163,0
0,XY1,168,4,59,171,0
0,XY1,174,8,47,178,0
0,XY1,180,13,35,180,2
0,XY1,5,17,24,179,2
0,XY1,9,22,16,173,2
0,XY1,13,26,9,164,2
0,XY1,17,30,4,153,2
0,XY1,23,34,2,137,2
0,XY1,31,39,2,118,2
0,XY1,37,43,4,101,2
0,XY1,43,46,9,85,2
0,XY1,49,48,16,65,2
0,XY1,54,51,27,48,2
0,XY1,60,54,39,33,2
0,XY1,66,57,51,21,2
0,XY1,73,61,62,12,2
0,XY1,84,64,75,5,0
0,XY1,92,67,87,2,0
0,XY1,97,73,97,2,0
0,XY1,103,77,106,5,0
0,XY1,109,83,113,10,0
0,XY1,115,86,118,26,0
0,XY1,120,90,120,39,0
0,XY1,127,4,120,54,0
0,XY1,134,7,117,71,0
0,XY1,141,11,111,86,0
0,XY1,148,14,97,101,0
0,XY1,156,17,83,117,0
0,XY1,161,20,71,130,0
0,XY1,167,23,58,146,0
0,XY1,173,27,47,159,2
0,XY1,178,30,35,169,2
0,XY1,6,35,26,176,2
0,XY1,12,38,17,180,2
0,XY1,16,41,9,180,2
0,XY1,21,44,4,177,2
0,XY1,27,46,2,169,2
0,XY1,36,50,2,159,2
0,XY1,41,53,5,146,2
0,XY1,48,56,11,127,2
0,XY1,54,59,18,105,2
0,XY1,61,62,28,72,2
0,XY1,66,66,39,55,2
0,XY1,73,69,51,40,2
0,XY1,79,73,62,26,2
0,XY1,84,77,75,16,0
0,XY1,92,80,86,7,0
0,XY1,98,83,98,2,0
0,XY1,104,87,106,2,0
0,XY1,110,1,113,3,0
0,XY1,116,6,118,8,0
0,XY1,122,9,120,21,0
0,XY1,128,12,120,34,0
0,XY1,134,15,117,51,0
0,XY1,140,18,112,67,0
0,XY1,146,21,104,85,0
0,XY1,152,24,95,102,0
0,XY1,159,27,83,114,0
0,XY1,165,30,71,126,0
0,XY1,170,33,60,136,0
0,XY1,176,36,47,146,2
0,XY1,3,39,35,165,2
0,XY1,8,42,25,174,2
0,XY1,14,45,16,179,2
0,XY1,21,48,9,181,2
0,XY1,26,51,4,179,2
0,XY1,31,54,2,174,2
0,XY1,35,57,2,164,2
0,XY1,41,60,8,152,2
0,XY1,47,64,14,139,2
0,XY1,52,67,22,123,2
0,XY1,58,70,33,105,2
0,XY1,63,74,44,80,2
0,XY1,69,77,56,58,2
0,XY1,75,80,67,43,2
0,XY1,80,84,79,29,0
0,XY1,86,87,93,17,0
0,XY1,91,90,104,9,0
0,XY1,96,6,117,3,0
0,XY1,103,10,120,2,0
0,XY1,115,14,120,3,0
0,XY1,120,16,118,6,0
0,XY1,126,19,112,11,0
0,XY1,133,22,105,22,0
0,XY1,141,25,87,35,0
0,XY1,146,30,76,49,0
0,XY1,152,34,63,66,0
0,XY1,157,37,50,84,0
0,XY1,166,42,39,103,0
0,XY1,172,45,28,122,0
0,XY1,177,47,19,143,0
0,XY1,5,50,10,155,2
0,XY1,10,53,5,163,2
0,XY1,16,57,2,170,2
0,XY1,22,60,2,177,2
0,XY1,30,64,5,180,2
0,XY1,33,67,10,179,2
0,XY1,37,69,16,175,2
0,XY1,43,72,25,167,2
0,XY1,46,76,38,156,2
0,XY1,53,79,49,143,2
0,XY1,59,83,61,126,2
0,XY1,64,86,71,103,2
0,XY1,70,90,83,86,2
0,XY1,76,4,93,69,2
0,XY1,82,7,105,52,0
0,XY1,88,10,112,37,0
0,XY1,94,14,117,24,0
0,XY1,100,17,120,12,0
0,XY1,105,20,120,5,0
0,XY1,111,23,117,2,0
0,XY1,118,27,112,4,0
0,XY1,124,33,105,8,0
0,XY1,129,38,96,16,0
0,XY1,135,42,86,36,0
0,XY1,142,46,71,50,0
0,XY1,148,50,61,67,0
0,XY1,153,55,47,84,0
0,XY1,159,59,36,103,0
0,XY1,165,63,26,119,2
0,XY1,172,68,17,138,2
0,XY1,177,73,9,152,2
0,XY1,5,77,4,164,2
0,XY1,11,81,2,170,2
0,XY1,18,86,2,176,2
0,XY1,23,1,5,180,2
0,XY1,29,6,11,179,2
0,XY1,35,10,27,174,2
0,XY1,41,14,41,163,2
0,XY1,45,19,52,152,2
0,XY1,50,24,63,138,2
0,XY1,56,28,85,122,2
0,XY1,60,33,97,105,0
0,XY1,67,38,106,84,0
0,XY1,72,43,112,62,0
0,XY1,78,47,117,46,0
0,XY1,86,51,120,32,0
0,XY1,96,56,120,19,0
0,XY1,102,60,117,11,0
0,XY1,109,67,111,4,0
0,XY1,117,73,103,2,0
0,XY1,123,78,93,6,0
0,XY1,128,82,83,12,0
0,XY1,134,86,70,21,0
0,XY1,140,90,59,28,0
0,XY1,149,5,47,44,0
0,XY1,157,10,35,59,0
0,XY1,164,15,24,77,0
0,XY1,170,20,16,93,2
0,XY1,176,24,9,111,2
0,XY1,4,33,4,128,2
0,XY1,9,38,2,142,2
0,XY1,15,42,2,157,2
0,XY1,21,46,5,171,2
0,XY1,26,50,11,178,2
0,XY1,32,54,18,180,2
0,XY1,37,60,28,180,2
0,XY1,45,65,39,178,2
0,XY1,50,69,52,168,2
0,XY1,55,73,63,158,2
0,XY1,60,80,75,144,2
0,XY1,64,87,87,130,2
0,XY1,72,3,98,111,2
0,XY1,77,8,108,91,0
0,XY1,85,12,114,74,0
0,XY1,90,17,118,57,0
0,XY1,95,21,120,31,0
0,XY1,101,25,120,19,0
0,XY1,106,30,118,10,0
0,XY1,112,36,112,2,0
0,XY1,118,41,105,2,0
0,XY1,125,46,96,5,0
0,XY1,130,50,86,9,0
0,XY1,136,56,75,24,0
0,XY1,143,61,63,39,0
0,XY1,148,65,50,54,0
0,XY1,154,70,38,70,0
0,XY1,160,75,27,88,0
0,XY1,167,80,19,105,0
0,XY1,173,85,11,122,2
0,XY1,178,90,6,139,2
0,XY1,5,5,2,156,2
0,XY1,10,9,2,169,2
0,XY1,16,16,3,176,2
0,XY1,23,21,8,180,2
0,XY1,30,26,14,180,2
0,XY1,36,30,22,179,2
0,XY1,42,35,31,174,2
0,XY1,48,40,42,165,2
0,XY1,54,44,53,147,2
0,XY1,59,49,64,132,2
0,XY1,65,53,75,115,2
0,XY1,69,57,87,98,2
0,XY1,75,61,97,81,0
0,XY1,80,66,108,62,0
0,XY1,89,70,114,42,0
0,XY1,93,74,120,29,0
0,XY1,99,79,120,17,0
0,XY1,105,84,117,9,0
0,XY1,112,88,108,4,0
0,XY1,118,3,100,2,0
0,XY1,124,7,90,3,0
0,XY1,129,13,77,6,0
0,XY1,135,18,64,10,0
0,XY1,142,22,53,17,0
0,XY1,149,26,41,32,0
0,XY1,160,30,30,46,0
0,XY1,166,37,20,62,2
0,XY1,172,43,12,79,2
0,XY1,180,47,6,96,2
0,XY1,8,52,3,119,2
0,XY1,13,57,2,138,2
0,XY1,19,63,3,152,2
0,XY1,25,67,7,164,2
0,XY1,30,71,13,177,2
0,XY1,36,77,23,180,2
0,XY1,42,81,33,178,2
0,XY1,48,85,44,170,2
0,XY1,55,4,56,163,2
0,XY1,60,9,69,153,2
0,XY1,66,14,81,144,2
0,XY1,72,18,92,134,2
0,XY1,75,23,102,117,0
0,XY1,80,28,110,100,0
0,XY1,86,32,116,84,0
0,XY1,94,36,120,62,0
0,XY1,100,40,120,42,0
0,XY1,106,46,119,27,0
0,XY1,111,50,114,16,0
0,XY1,117,56,109,6,0
0,XY1,124,61,100,2,0
0,XY1,129,66,91,2,0
0,XY1,135,70,78,5,0
0,XY1,141,74,65,12,0
0,XY1,146,80,53,28,0
0,XY1,152,85,41,49,0
0,XY1,157,89,30,70,0
0,XY1,165,4,20,87,2
0,XY1,170,9,12,104,2
0,XY1,3,13,6,123,2
0,XY1,8,18,2,139,2
0,XY1,14,24,2,153,2
0,XY1,21,29,3,166,2
0,XY1,28,33,7,178,2
0,XY1,34,37,14,180,2
0,XY1,39,41,23,178,2
0,XY1,45,46,33,163,2
0,XY1,56,50,44,151,2
0,XY1,62,54,56,142,2
0,XY1,69,59,67,132,2
0,XY1,74,63,80,118,2
0,XY1,83,67,92,103,2
0,XY1,87,72,102,86,2
0,XY1,92,77,110,69,0
0,XY1,97,82,116,52,0
0,XY1,102,86,119,37,0
0,XY1,109,90,120,24,0
0,XY1,114,5,119,14,0
0,XY1,120,10,115,7,0
0,XY1,125,14,108,2,0
0,XY1,132,19,100,2,0
0,XY1,138,24,89,3,0
0,XY1,144,29,78,6,0
0,XY1,151,35,64,12,0
0,XY1,156,40,52,22,0
0,XY1,162,44,42,35,0
0,XY1,168,48,31,49,0
0,XY1,173,53,21,67,2
0,XY1,179,57,13,85,2
0,XY1,5,63,7,102,2
0,XY1,12,67,3,118,2
0,XY1,18,71,1,135,2
0,XY1,23,75,3,150,2
0,XY1,29,80,7,163,2
0,XY1,35,84,12,173,2
0,XY1,40,3,20,178,2
0,XY1,46,10,29,180,2
0,XY1,53,14,41,178,2
0,XY1,58,20,52,173,2
0,XY1,64,25,63,165,2
0,XY1,70,30,75,153,2
0,XY1,75,35,87,139,2
0,XY1,81,39,96,124,0
0,XY1,86,45,105,111,0
0,XY1,93,50,112,100,0
0,XY1,97,55,117,88,0
0,XY1,103,60,120,70,0
0,XY1,112,64,120,51,0
0,XY1,118,69,119,37,0
0,XY1,123,73,113,22,0
0,XY1,129,78,107,13,0
0,XY1,136,83,99,6,0
0,XY1,143,3,89,2,0
0,XY1,149,10,78,2,0
0,XY1,154,14,67,3,0
0,XY1,160,19,56,7,0
0,XY1,166,23,42,13,0
0,XY1,172,27,31,35,2
0,XY1,178,32,22,50,2
0,XY1,4,36,13,66,2
0,XY1,10,40,7,84,2
0,XY1,16,45,3,101,2
0,XY1,21,48,1,120,2
0,XY1,28,54,3,136,2
0,XY1,34,58,6,150,2
0,XY1,40,63,12,165,2
0,XY1,46,67,19,175,2
0,XY1,53,72,28,179,2
0,XY1,64,76,42,180,2
0,XY1,70,82,53,177,2
0,XY1,77,86,64,166,2
0,XY1,82,2,75,154,2
0,XY1,88,6,87,141,0
0,XY1,93,11,96,125,0
0,XY1,98,16,105,108,0
0,XY1,105,21,112,89,0
0,XY1,110,26,117,76,0
0,XY1,114,30,120,60,0
0,XY1,121,34,119,49,0
0,XY1,125,40,113,37,0
0,XY1,131,46,107,24,0
0,XY1,137,49,98,13,0
0,XY1,143,54,88,6,0
0,XY1,149,59,71,2,0
0,XY1,156,64,60,2,0
0,XY1,164,68,45,4,0
0,XY1,174,76,35,9,0
0,XY1,1,80,24,15,0
0,XY1,7,84,16,26,2
0,XY1,14,90,9,40,2
0,XY1,20,5,4,57,2
0,XY1,26,12,2,74,2
0,XY1,31,17,2,91,2
0,XY1,37,21,5,108,2
0,XY1,43,27,10,125,2
0,XY1,49,31,17,142,2
0,XY1,56,35,26,155,2
0,XY1,63,40,39,168,2
0,XY1,69,45,52,177,2
0,XY1,76,49,64,180,2
0,XY1,84,53,75,180,2
0,XY1,90,57,86,176,2
0,XY1,96,62,96,166,0
0,XY1,101,67,107,154,0
0,XY1,107,72,115,140,0
0,XY1,114,76,119,124,0
0,XY1,118,80,120,107,0
0,XY1,122,84,120,90,0
0,XY1,127,2,117,72,0
0,XY1,132,7,112,54,0
0,XY1,139,13,105,43,0
0,XY1,147,18,96,34,0
0,XY1,152,23,86,25,0
0,XY1,158,27,75,18,0
0,XY1,163,33,63,7,0
0,XY1,169,37,50,2,0
0,XY1,176,42,38,2,0
0,XY1,3,46,27,4,2
0,XY1,10,51,19,7,2
0,XY1,16,58,11,13,2
0,XY1,21,66,6,23,2
0,XY1,27,70,2,35,2
0,XY1,32,74,2,50,2
0,XY1,40,78,3,67,2
0,XY1,46,83,10,85,2
0,XY1,52,87,20,103,2
0,XY1,58,2,30,120,2
0,XY1,67,6,44,137,2
0,XY1,76,11,55,151,2
0,XY1,82,16,77,163,2
0,XY1,88,21,88,174,2
0,XY1,93,26,98,179,0
0,XY1,100,30,109,180,0
0,XY1,105,35,116,178,0
0,XY1,111,40,119,172,0
0,XY1,118,44,120,163,0
0,XY1,124,48,119,150,0
0,XY1,129,53,116,137,0
0,XY1,133,57,111,120,0
0,XY1,137,62,103,98,0
0,XY1,142,66,94,75,0
0,XY1,148,71,83,57,0
0,XY1,156,75,72,38,0
0,XY1,163,80,61,25,0
0,XY1,169,85,48,16,0
0,XY1,174,89,31,9,0
0,XY1,180,5,22,4,0
0,XY1,7,11,14,2,2
0,XY1,13,18,8,2,2
0,XY1,19,25,2,3,2
0,XY1,26,30,2,7,2
0,XY1,32,34,8,11,2
0,XY1,37,38,14,24,2
0,XY1,43,43,23,39,2
0,XY1,49,46,35,54,2
0,XY1,54,51,46,71,2
0,XY1,60,56,57,88,2
0,XY1,67,60,68,105,2
0,XY1,72,64,80,122,2
0,XY1,78,69,90,139,2
0,XY1,84,76,101,156,2
0,XY1,89,81,112,166,2
0,XY1,94,88,117,175,0
0,XY1,100,3,120,179,0
0,XY1,107,7,120,180,0
0,XY1,114,12,116,178,0
0,XY1,120,18,109,172,0
0,XY1,125,23,102,161,0
0,XY1,131,29,92,149,0
0,XY1,137,34,80,135,0
0,XY1,141,38,68,118,0
0,XY1,146,42,57,101,0
0,XY1,151,46,42,85,0
0,XY1,160,50,32,67,0
0,XY1,166,55,22,46,0
0,XY1,172,59,14,32,0
0,XY1,177,63,8,19,0
0,XY1,4,67,4,9,2
0,XY1,11,71,2,3,2
0,XY1,16,76,2,2,2
0,XY1,22,81,7,2,2
0,XY1,29,85,13,4,2
0,XY1,35,90,20,8,2
0,XY1,41,5,30,15,2
0,XY1,46,9,40,29,2
0,XY1,53,17,55,43,2
0,XY1,59,21,66,72,2
0,XY1,64,29,78,92,2
0,XY1,70,34,91,108,2
0,XY1,81,40,101,126,2
0,XY1,87,44,109,142,2
0,XY1,93,48,115,155,2
0,XY1,99,52,119,166,0
0,XY1,105,56,120,174,0
0,XY1,110,61,119,180,0
0,XY1,116,66,115,180,0
0,XY1,123,70,109,177,0
0,XY1,130,78,101,171,0
0,XY1,137,82,91,161,0
0,XY1,143,87,80,150,0
0,XY1,148,2,67,135,0
0,XY1,152,9,55,114,0
0,XY1,156,13,43,97,0
0,XY1,162,18,31,80,0
0,XY1,166,22,21,63,0
0,XY1,172,26,13,45,0
0,XY1,178,34,7,31,0
0,XY1,10,38,3,19,2
0,XY1,16,44,1,9,2
0,XY1,21,47,3,4,2
0,XY1,27,52,7,2,2
0,XY1,34,57,13,3,2
0,XY1,39,63,22,6,2
0,XY1,45,71,32,10,2
0,XY1,51,75,51,22,2
0,XY1,56,80,62,35,2
0,XY1,62,86,79,52,2
0,XY1,68,1,90,69,2
0,XY1,75,6,101,86,2
0,XY1,80,14,109,103,2
0,XY1,86,19,116,120,2
0,XY1,92,23,119,136,2
0,XY1,98,27,120,161,0
0,XY1,103,31,119,172,0
0,XY1,109,36,115,178,0
0,XY1,116,40,109,180,0
0,XY1,121,45,102,178,0
0,XY1,127,49,91,172,0
0,XY1,133,53,80,163,0
0,XY1,140,59,68,151,0
0,XY1,146,64,55,135,0
0,XY1,152,68,43,119,0
0,XY1,160,73,31,100,0
0,XY1,163,79,21,84,0
0,XY1,167,83,13,56,0
0,XY1,172,87,7,41,0
0,XY1,176,2,3,21,2
0,XY1,6,6,2,11,2
0,XY1,12,11,3,5,2
0,XY1,18,16,7,2,2
0,XY1,24,21,13,2,2
0,XY1,30,26,26,4,2
0,XY1,35,30,38,8,2
0,XY1,41,34,49,17,2
0,XY1,46,39,67,24,2
0,XY1,53,43,78,43,2
0,XY1,61,47,90,59,2
0,XY1,66,51,99,88,2
0,XY1,72,59,109,105,2
0,XY1,77,64,116,125,2
0,XY1,89,68,119,141,0
0,XY1,95,72,120,154,0
0,XY1,101,77,119,167,0
0,XY1,106,85,115,176,0
0,XY1,112,4,109,180,0
0,XY1,118,8,100,178,0
0,XY1,123,13,90,172,0
0,XY1,129,17,79,163,0
0,XY1,136,21,67,151,0
0,XY1,143,26,55,137,0
0,XY1,148,32,43,120,0
0,XY1,154,37,32,103,0
0,XY1,160,45,22,82,0
0,XY1,165,49,13,65,0
0,XY1,171,53,7,48,2
0,XY1,175,57,3,32,2
0,XY1,2,64,1,19,2
0,XY1,6,68,3,10,2
0,XY1,12,72,7,3,2
0,XY1,17,76,13,1,2
0,XY1,23,81,22,3,2
0,XY1,29,89,32,8,2
0,XY1,35,7,43,13,2
0,XY1,40,11,55,26,2
0,XY1,46,15,67,35,2
0,XY1,52,19,80,44,2
0,XY1,60,24,92,55,2
0,XY1,66,28,103,66,2
0,XY1,76,37,110,84,2
0,XY1,82,42,116,101,0
0,XY1,88,48,119,118,0
0,XY1,93,55,120,134,0
0,XY1,98,61,119,149,0
0,XY1,104,69,116,161,0
0,XY1,110,73,109,170,0
0,XY1,115,79,102,178,0
0,XY1,121,84,92,180,0
0,XY1,127,2,82,179,0
0,XY1,133,10,70,174,0
0,XY1,139,14,60,166,0
0,XY1,145,19,45,152,0
0,XY1,150,25,34,138,0
0,XY1,156,29,24,122,0
0,XY1,162,34,16,105,2
0,XY1,168,39,9,85,2
0,XY1,174,43,4,67,2
0,XY1,179,47,2,51,2
0,XY1,5,51,2,32,2
0,XY1,10,58,5,20,2
0,XY1,14,66,16,11,2
0,XY1,24,73,25,4,2
0,XY1,30,77,35,2,2
0,XY1,36,81,47,2,2
0,XY1,41,85,59,5,2
0,XY1,47,4,72,12,2
0,XY1,53,10,84,27,2
0,XY1,58,14,95,42,2
0,XY1,64,20,104,57,2
0,XY1,70,24,111,69,0
0,XY1,76,28,116,85,0
0,XY1,81,33,120,100,0
0,XY1,89,38,120,111,0
0,XY1,97,42,118,133,0
0,XY1,103,47,113,148,0
0,XY1,109,52,106,160,0
0,XY1,115,57,97,170,0
0,XY1,120,62,86,177,0
0,XY1,126,66,75,180,0
0,XY1,132,73,62,179,0
0,XY1,140,78,50,175,0
0,XY1,147,82,39,167,0
0,XY1,153,87,27,155,0
0,XY1,158,3,18,142,0
0,XY1,164,7,10,127,2
0,XY1,170,11,4,106,2
0,XY1,175,16,2,89,2
0,XY1,2,23,2,69,2
0,XY1,9,27,9,52,2
0,XY1,20,31,16,38,2
0,XY1,24,35,25,24,2
0,XY1,28,39,37,14,2
0,XY1,33,44,47,6,2
0,XY1,42,47,60,2,2
0,XY1,49,52,72,2,2
0,XY1,54,56,84,4,2
0,XY1,60,61,95,9,2
0,XY1,66,65,104,14,2
0,XY1,72,70,112,28,2
0,XY1,77,74,117,44,0
0,XY1,83,80,120,60,0
0,XY1,90,84,120,77,0
0,XY1,95,90,118,92,0
0,XY1,101,5,113,103,0
0,XY1,106,12,107,114,0
0,XY1,113,18,98,126,0
0,XY1,119,22,86,146,0
0,XY1,126,26,75,161,0
0,XY1,132,30,63,170,0
0,XY1,137,35,51,177,0
0,XY1,144,40,39,180,0
0,XY1,150,47,28,180,0
0,XY1,156,51,18,176,0
0,XY1,163,56,10,169,2
0,XY1,168,60,5,156,2
0,XY1,174,64,2,142,2
0,XY1,180,69,2,127,2
0,XY1,6,73,4,111,2
0,XY1,12,77,9,93,2
0,XY1,17,82,17,76,2
0,XY1,24,86,26,51,2
0,XY1,28,2,43,33,2
0,XY1,33,7,55,13,2
0,XY1,38,11,69,6,2
0,XY1,42,18,80,2,2
0,XY1,49,26,91,2,2
0,XY1,54,31,101,4,2
0,XY1,61,35,111,8,2
0,XY1,68,41,119,13,0
0,XY1,73,46,120,24,0
0,XY1,81,52,119,37,0
0,XY1,86,57,110,52,0
0,XY1,91,61,100,68,0
0,XY1,97,69,91,86,0
0,XY1,103,74,80,105,0
0,XY1,110,80,69,123,0
0,XY1,117,85,58,135,0
0,XY1,123,89,47,149,0
0,XY1,129,6,35,159,0
0,XY1,134,11,25,173,0
0,XY1,141,16,17,178,0
0,XY1,148,20,10,180,0
0,XY1,154,24,5,179,2
0,XY1,160,30,2,173,2
0,XY1,167,34,2,165,2
0,XY1,173,41,5,154,2
0,XY1,178,45,10,139,2
0,XY1,7,48,18,124,2
0,XY1,14,53,26,102,2
0,XY1,19,58,39,86,2
0,XY1,25,66,52,68,2
0,XY1,31,71,62,51,2
0,XY1,36,75,80,37,2
0,XY1,40,80,92,24,2
0,XY1,46,84,102,13,2
0,XY1,50,89,110,5,2
0,XY1,59,4,116,2,2
0,XY1,65,10,120,2,0
0,XY1,70,14,120,5,0
0,XY1,76,19,119,10,0
0,XY1,81,24,115,15,0
0,XY1,89,29,109,26,0
0,XY1,93,36,99,41,0
0,XY1,102,41,89,57,0
0,XY1,108,46,78,74,0
0,XY1,113,49,65,93,0
0,XY1,120,54,53,111,0
0,XY1,128,58,41,127,0
0,XY1,133,66,30,146,0
0,XY1,140,71,20,155,0
0,XY1,146,75,12,163,0
0,XY1,151,79,6,171,1
0,XY1,157,87,2,176,2
0,XY1,164,2,2,180,2
0,XY1,170,7,3,180,2
0,XY1,175,11,8,176,2
0,XY1,2,16,14,170,2
0,XY1,8,20,23,158,2
0,XY1,15,27,34,145,2
0,XY1,22,32,44,131,2
0,XY1,29,38,58,113,2
0,XY1,36,42,69,96,2
0,XY1,42,46,81,79,2
0,XY1,53,51,92,62,2
0,XY1,57,55,102,41,2
0,XY1,62,60,110,28,2
0,XY1,68,64,116,17,2
0,XY1,77,69,120,8,0
0,XY1,83,73,120,3,0
0,XY1,88,78,119,3,0
0,XY1,93,82,114,7,0
0,XY1,98,88,108,13,0
0,XY1,104,4,99,19,0
0,XY1,114,9,89,40,0
0,XY1,121,13,78,54,0
0,XY1,127,17,65,76,0
0,XY1,132,25,53,93,0
0,XY1,139,29,41,112,0
0,XY1,145,33,30,129,0
0,XY1,152,38,20,144,0
0,XY1,159,42,12,162,0
0,XY1,165,46,5,173,0
0,XY1,170,52,2,179,2
0,XY1,176,57,2,180,2
0,XY1,4,61,4,179,2
0,XY1,10,66,9,175,2
0,XY1,16,70,15,165,2
0,XY1,22,74,23,154,2
0,XY1,31,78,35,141,2
0,XY1,37,83,46,123,2
0,XY1,43,87,61,103,2
0,XY1,49,2,72,87,2
0,XY1,56,6,83,60,2
0,XY1,60,11,95,40,2
0,XY1,66,15,105,27,2
0,XY1,70,20,112,16,2
0,XY1,77,24,117,6,0
0,XY1,83,28,120,2,0
0,XY1,93,33,120,2,0
0,XY1,101,37,119,4,0
0,XY1,106,41,113,8,0
0,XY1,113,45,106,13,0
0,XY1,120,49,98,24,0
0,XY1,127,53,88,40,0
0,XY1,137,57,78,55,0
0,XY1,144,63,66,72,0
0,XY1,150,68,52,89,0
0,XY1,155,76,40,106,0
0,XY1,161,80,30,124,0
0,XY1,166,85,20,140,0
0,XY1,172,89,13,154,0
0,XY1,178,6,7,165,0
0,XY1,6,10,3,173,0
0,XY1,12,15,2,179,2
0,XY1,18,19,3,180,2
0,XY1,24,24,7,180,2
0,XY1,30,28,12,177,2
0,XY1,35,33,22,172,2
0,XY1,42,37,35,162,2
0,XY1,47,45,46,150,2
0,XY1,53,48,57,135,2
0,XY1,58,53,68,117,2
0,XY1,64,57,80,100,2
0,XY1,70,63,90,82,2
0,XY1,74,68,100,65,2
0,XY1,80,76,110,44,2
0,XY1,89,80,115,30,2
0,XY1,94,85,119,19,2
0,XY1,99,89,119,10,2
0,XY1,105,4,116,4,0
0,XY1,111,9,109,2,0
0,XY1,121,14,100,3,0
0,XY1,126,19,91,5,0
0,XY1,132,23,80,11,0
0,XY1,137,28,69,28,0
0,XY1,145,32,58,47,0
0,XY1,150,36,44,64,0
0,XY1,157,40,30,81,0
0,XY1,165,44,20,100,0
0,XY1,172,48,13,117,0
0,XY1,178,54,7,135,0
0,XY1,4,59,3,149,0
0,XY1,10,63,2,161,0
0,XY1,16,67,3,170,2
0,XY1,23,75,7,180,2
0,XY1,30,82,12,179,2
0,XY1,35,87,20,176,2
0,XY1,41,2,29,170,2
0,XY1,46,8,42,162,2
0,XY1,52,15,54,143,2
0,XY1,59,19,67,128,2
0,XY1,65,23,78,112,2
0,XY1,71,28,89,92,2
0,XY1,76,33,99,75,2
0,XY1,80,37,108,57,2
0,XY1,86,41,115,42,2
0,XY1,90,46,119,27,2
0,XY1,95,49,120,14,0
0,XY1,102,53,120,7,0
0,XY1,108,57,117,2,0
0,XY1,114,62,110,2,0
0,XY1,119,66,103,3,0
0,XY1,125,70,94,9,0
0,XY1,130,74,83,15,0
0,XY1,136,79,72,26,0
0,XY1,143,83,61,40,0
0,XY1,148,88,50,57,0
0,XY1,157,3,38,85,0
0,XY1,163,7,28,102,0
0,XY1,169,12,19,122,0
0,XY1,174,16,12,140,0
0,XY1,1,20,6,154,0
0,XY1,7,24,2,168,2
0,XY1,14,28,2,176,2
0,XY1,19,33,3,180,2
0,XY1,25,37,8,180,2
0,XY1,32,41,13,177,2
0,XY1,39,46,22,170,2
0,XY1,45,49,31,161,2
0,XY1,50,53,47,153,2
0,XY1,56,57,62,143,2
0,XY1,63,62,74,134,2
0,XY1,69,69,85,118,2
0,XY1,75,76,95,96,2
0,XY1,82,81,104,79,2
0,XY1,87,85,113,63,2
0,XY1,91,89,118,46,2
0,XY1,97,4,120,30,0
0,XY1,106,9,119,19,0
0,XY1,114,15,115,10,0
0,XY1,121,19,109,4,0
0,XY1,131,24,100,2,0
0,XY1,137,28,87,2,0
0,XY1,142,32,76,6,0
0,XY1,148,36,64,10,0
0,XY1,154,40,52,16,0
0,XY1,160,46,40,31,0
0,XY1,166,51,29,47,0
0,XY1,172,55,20,63,0
0,XY1,179,62,12,80,0
0,XY1,5,66,7,96,0
0,XY1,11,70,2,122,0
0,XY1,18,74,2,140,2
0,XY1,24,79,7,154,2
0,XY1,30,83,12,165,2
0,XY1,35,87,20,173,2
0,XY1,46,2,33,179,2
0,XY1,53,6,47,180,2
0,XY1,60,13,70,175,2
0,XY1,66,17,81,168,2
0,XY1,71,21,91,156,2
0,XY1,77,27,103,143,2
0,XY1,82,31,111,132,2
0,XY1,88,39,118,118,2
0,XY1,93,43,120,104,2
0,XY1,100,46,120,81,2
0,XY1,104,52,118,65,2
0,XY1,109,56,113,48,0
0,XY1,115,60,105,32,0
0,XY1,124,66,91,18,0
0,XY1,130,71,80,9,0
0,XY1,137,75,69,3,0
0,XY1,144,79,58,2,0
0,XY1,150,83,44,3,0
0,XY1,155,87,33,6,0
0,XY1,161,3,23,11,0
0,XY1,166,8,15,21,0
0,XY1,172,12,8,33,0
0,XY1,179,17,3,50,0
0,XY1,6,21,2,67,0
0,XY1,12,26,3,87,0
0,XY1,17,30,7,103,0
0,XY1,23,34,12,120,2
0,XY1,28,39,26,137,2
0,XY1,34,43,36,151,2
0,XY1,41,46,48,166,2
0,XY1,52,50,69,174,2
0,XY1,58,55,90,179,2
0,XY1,63,59,107,180,2
0,XY1,69,63,117,178,2
0,XY1,75,68,120,172,2
0,XY1,82,74,120,163,2
0,XY1,88,79,116,151,2
0,XY1,92,86,106,137,2
0,XY1,98,90,98,117,2
0,XY1,103,5,87,100,2
0,XY1,111,10,66,88,0
0,XY1,115,14,55,71,0
0,XY1,121,19,44,60,0
0,XY1,130,23,32,46,0
0,XY1,137,28,16,31,0
0,XY1,143,33,9,18,0
0,XY1,148,37,4,7,0
0,XY1,155,41,2,3,0
0,XY1,161,46,2,2,0
0,XY1,167,49,5,2,0
0,XY1,173,53,10,5,0
0,XY1,178,57,18,17,0
0,XY1,5,62,27,30,0
0,XY1,10,66,38,43,0
0,XY1,16,70,50,59,0
0,XY1,23,74,61,77,2
0,XY1,29,78,75,93,2
0,XY1,35,86,87,111,2
0,XY1,40,1,96,128,2
0,XY1,46,6,106,147,2
0,XY1,51,10,113,160,2
0,XY1,57,15,118,170,2
0,XY1,64,19,120,178,2
0,XY1,69,23,119,180,2
0,XY1,76,27,114,180,2
0,XY1,81,32,108,175,2
0,XY1,87,37,98,165,2
0,XY1,92,41,86,154,2
0,XY1,97,45,75,141,2
0,XY1,105,48,62,125,2
0,XY1,110,52,51,107,0
0,XY1,116,57,39,91,0
0,XY1,121,61,28,69,0
0,XY1,125,65,19,57,0
0,XY1,130,69,10,41,0
0,XY1,137,73,5,29,0
0,XY1,144,78,2,14,0
0,XY1,150,82,2,6,0
0,XY1,155,86,3,2,0
0,XY1,161,1,7,2,0
0,XY1,166,9,13,3,0
0,XY1,172,13,21,6,0
0,XY1,178,19,27,14,0
0,XY1,5,23,35,24,0
0,XY1,11,28,44,38,2
0,XY1,17,32,52,52,2
0,XY1,22,39,61,69,2
0,XY1,28,44,70,89,2
0,XY1,34,47,80,105,2
0,XY1,41,52,91,123,2
0,XY1,48,57,100,138,2
0,XY1,53,61,112,152,2
0,XY1,59,66,117,165,2
0,XY1,65,71,120,173,2
0,XY1,70,76,120,179,2
0,XY1,76,81,118,181,2
0,XY1,81,85,113,179,2
0,XY1,89,89,106,174,2
0,XY1,93,5,100,165,2
0,XY1,99,11,94,150,0
0,XY1,105,15,83,136,0
0,XY1,111,21,75,117,0
0,XY1,119,26,61,101,0
0,XY1,126,30,38,84,0
0,XY1,131,36,26,67,0
0,XY1,136,40,16,50,0
0,XY1,140,45,9,38,0
0,XY1,145,48,4,29,0
0,XY1,154,52,2,20,0
0,XY1,165,59,2,13,0
0,XY1,172,63,5,5,0
0,XY1,177,67,10,2,0
0,XY1,4,73,17,2,2
0,XY1,9,77,26,4,2
0,XY1,15,81,36,8,2
0,XY1,21,85,51,14,2
0,XY1,26,90,62,26,2
0,XY1,33,4,72,40,2
0,XY1,40,10,80,54,2
0,XY1,46,14,89,72,2
0,XY1,57,18,106,90,2
0,XY1,64,23,114,107,2
0,XY1,71,27,118,124,2
0,XY1,77,31,120,143,2
0,XY1,82,36,120,157,2
0,XY1,89,41,113,168,2
0,XY1,93,45,106,176,2
0,XY1,98,48,98,180,0
0,XY1,104,52,87,180,0
0,XY1,110,56,73,176,0
0,XY1,121,61,55,169,0
0,XY1,127,69,43,158,0
0,XY1,133,73,33,143,0
0,XY1,139,78,20,126,0
0,XY1,145,83,13,110,0
0,XY1,148,89,7,92,0
0,XY1,153,5,3,75,0
0,XY1,163,9,2,58,0
0,XY1,169,13,3,40,0
0,XY1,175,21,7,27,0
0,XY1,1,26,14,16,0
0,XY1,8,34,27,8,0
0,XY1,14,38,38,4,2
0,XY1,19,43,58,2,2
0,XY1,25,46,68,2,2
0,XY1,31,50,83,4,2
0,XY1,36,54,91,7,2
0,XY1,42,58,101,14,2
0,XY1,49,63,108,32,2
0,XY1,61,67,112,46,2
0,XY1,67,71,118,63,2
0,XY1,75,76,120,80,2
0,XY1,80,81,120,96,2
0,XY1,87,89,116,116,2
0,XY1,93,4,111,133,2
0,XY1,98,8,104,148,2
0,XY1,104,13,95,161,2
0,XY1,110,17,84,170,0
0,XY1,116,22,72,177,0
0,XY1,123,28,61,180,0
0,XY1,129,32,47,179,0
0,XY1,136,36,36,175,0
0,XY1,142,40,26,167,0
0,XY1,147,44,17,156,0
0,XY1,153,48,10,143,0
0,XY1,158,52,5,128,0
0,XY1,163,56,2,112,0
0,XY1,173,60,4,90,0
0,XY1,178,64,9,56,0
0,XY1,5,69,15,39,0
0,XY1,11,73,23,25,0
0,XY1,17,77,33,15,2
0,XY1,24,82,44,7,2
0,XY1,30,86,58,3,2
0,XY1,35,5,72,2,2
0,XY1,41,10,83,2,2
0,XY1,46,14,95,4,2
0,XY1,52,19,105,8,2
0,XY1,58,23,110,21,2
0,XY1,63,27,114,34,2
0,XY1,69,31,118,48,2
0,XY1,75,37,120,67,2
0,XY1,81,41,120,85,2
0,XY1,92,45,117,102,2
0,XY1,97,50,107,118,2
0,XY1,103,56,99,139,2
0,XY1,107,60,85,153,2
0,XY1,111,65,70,166,0
0,XY1,116,74,60,174,0
0,XY1,120,78,48,179,0
0,XY1,124,82,37,180,0
0,XY1,130,86,23,177,0
0,XY1,134,3,15,170,0
0,XY1,139,7,9,161,0
0,XY1,145,11,3,145,0
0,XY1,149,16,2,127,0
0,XY1,153,20,2,107,0
0,XY1,158,24,5,90,0
0,XY1,163,28,10,72,0
0,XY1,168,33,17,52,0
0,XY1,173,37,29,34,0
0,XY1,177,41,44,21,0
0,XY1,3,45,53,12,0
0,XY1,7,50,66,5,2
0,XY1,11,55,78,2,2
0,XY1,16,59,95,2,2
0,XY1,20,63,106,3,2
0,XY1,24,68,114,8,2
0,XY1,29,72,118,24,2
0,XY1,34,76,120,37,2
0,XY1,38,82,121,52,2
0,XY1,44,86,118,69,2
0,XY1,48,3,112,86,2
0,XY1,53,7,97,105,2
0,XY1,57,11,84,123,2
0,XY1,61,16,73,138,2
0,XY1,66,20,55,153,2
0,XY1,71,24,44,165,2
0,XY1,75,28,37,173,0
0,XY1,79,33,29,178,0
0,XY1,83,37,22,180,0
0,XY1,86,41,10,178,0
0,XY1,91,46,3,172,0
0,XY1,96,50,2,164,0
0,XY1,101,54,3,152,0
0,XY1,106,58,8,138,0
0,XY1,110,62,14,123,0
0,XY1,114,66,24,101,0
0,XY1,118,72,34,84,0
0,XY1,125,76,45,64,0
0,XY1,130,80,61,33,0
0,XY1,136,84,72,21,0
0,XY1,139,89,85,9,0
0,XY1,143,4,96,4,2
0,XY1,148,8,106,2,2
0,XY1,151,13,113,3,2
0,XY1,156,17,118,5,2
0,XY1,161,22,120,9,2
0,XY1,166,26,120,14,2
0,XY1,172,30,119,25,2
0,XY1,176,38,116,37,2
0,XY1,3,43,107,47,2
0,XY1,7,46,98,64,2
0,XY1,11,50,88,80,2
0,XY1,16,55,77,97,2
0,XY1,20,59,66,115,2
0,XY1,26,63,52,134,2
0,XY1,29,67,37,148,0
0,XY1,35,72,25,162,0
0,XY1,39,76,16,174,0
0,XY1,44,80,10,179,0
0,XY1,48,85,5,180,0
0,XY1,52,2,2,177,0
0,XY1,56,6,2,170,0
0,XY1,61,10,5,161,0
0,XY1,66,14,11,149,0
0,XY1,72,19,18,134,0
0,XY1,80,23,27,117,0
0,XY1,86,28,37,88,0
0,XY1,91,34,51,70,0
0,XY1,94,38,59,50,0
0,XY1,98,42,68,35,0
0,XY1,103,46,77,22,2
0,XY1,106,49,89,13,2
0,XY1,111,54,97,6,2
0,XY1,116,58,106,2,2
0,XY1,120,62,113,2,2
0,XY1,125,66,118,4,2
0,XY1,129,70,120,7,2
0,XY1,133,75,118,12,2
0,XY1,137,79,115,24,2
0,XY1,142,84,109,38,2
0,XY1,146,89,103,48,2
0,XY1,151,4,96,63,2
0,XY1,155,9,85,79,2
0,XY1,160,14,66,90,2
0,XY1,164,19,55,107,2
0,XY1,169,24,46,125,0
0,XY1,174,29,37,141,0
0,XY1,179,33,27,154,0
0,XY1,5,37,20,165,0
0,XY1,10,41,10,175,0
0,XY1,15,46,5,180,0
0,XY1,19,49,2,180,0
0,XY1,23,53,2,177,0
0,XY1,29,57,4,171,0
0,XY1,34,62,9,161,0
0,XY1,38,66,17,149,0
0,XY1,43,70,26,135,0
0,XY1,47,75,36,114,0
0,XY1,51,79,47,97,0
0,XY1,55,84,58,80,0
0,XY1,61,3,70,63,2
0,XY1,65,11,83,47,2
0,XY1,70,17,96,32,2
0,XY1,74,21,105,21,2